nucleus_id,Mean_normalized_w1405-0001,Mean_normalized_w1405-0002,Mean_normalized_w1405-0003,Mean_normalized_w1405-0004,Median_normalized_w1405-0001,Median_normalized_w1405-0002,Median_normalized_w1405-0003,Median_normalized_w1405-0004,Area_w1405-0001,Area_w1405-0002,Area_w1405-0003,Area_w1405-0004,total_intensity_w1405-0001,total_intensity_w1405-0002,total_intensity_w1405-0003,total_intensity_w1405-0004,Skew_w1405-0001,Skew_w1405-0002,Skew_w1405-0003,Skew_w1405-0004,Kurt_w1405-0001,Kurt_w1405-0002,Kurt_w1405-0003,Kurt_w1405-0004,ratio_RNAPII_to_DNA,cell_cycle,ratio_RNAPII_to_DNA_MvsI,RNAPII_abs_MvsI
MAX_IF43b-1_008_thumb0023-1259,58.972,20.458,19.396,136.272,57.0,27.0,21.0,133.0,4178.0,4178.0,4178.0,4178.0,246385.016,85473.524,81036.488,569344.416,0.267,0.424,1.283,1.99,-1.013,0.04,2.554,5.608,0.3469103981550566,M,0.09418480564729531,0.11608122823696268
MAX_IF43b-1_008_thumb0005-0316,68.906,144.148,28.849,146.375,66.0,149.0,25.0,140.0,9248.0,9248.0,9248.0,9248.0,637242.688,1333080.704,266795.552,1353676.0,0.19,0.316,2.057,1.892,-1.064,-0.282,4.898,4.147,2.091951354018518,M,0.5679565465597978,0.8179136224411818
MAX_IF43b-1_015_thumb0034-1314,78.117,44.632,9.993,148.014,72.0,39.0,12.0,139.0,4871.0,4871.0,4871.0,4871.0,380507.907,217402.472,48675.903,720976.194,0.267,1.703,1.839,1.96,-1.183,2.427,5.391,3.722,0.571348106046059,M,0.1551187586508899,0.25324750115710815
MAX_IF43b-1_011_thumb0008-0368,121.762,14.419,12.443,142.175,117.0,25.0,17.0,135.0,7846.0,7846.0,7846.0,7846.0,955344.652,113131.474,97627.778,1115505.05,0.182,0.157,0.498,2.004,-0.981,-0.214,0.748,4.314,0.11841953975788834,M,0.032150438257989994,0.08181519356480424
MAX_IF43b-1_013_thumb0004-0406,149.75,70.407,5.962,158.143,156.0,77.0,9.0,138.0,5187.0,5187.0,5187.0,5187.0,776753.25,365201.109,30924.894,820287.741,-0.142,0.495,0.539,1.642,-1.295,-0.539,-0.604,2.272,0.47016360601001667,M,0.12764756574028188,0.39949804655781757
MAX_IF43b-1_003_thumb0004-0574,132.1,106.769,21.725,177.175,141.0,112.0,24.0,153.0,9444.0,9444.0,9444.0,9444.0,1247552.4,1008326.436,205170.9,1673240.7,-0.154,0.417,0.668,1.532,-1.35,-0.704,0.014,1.872,0.8082437547312643,M,0.21943499347338533,0.6058205424592956
MAX_IF43b-1_003_thumb0008-1058,103.253,92.135,17.816,185.292,101.0,102.0,19.0,154.0,6747.0,6747.0,6747.0,6747.0,696647.991,621634.845,120204.552,1250165.124,0.05,0.185,4.195,1.38,-1.486,-0.872,31.689,1.114,0.8923227412278578,M,0.24226210688456573,0.5227854122403245
MAX_IF43b-1_005_thumb0015-1312,67.069,36.465,10.833,140.904,69.0,38.0,12.0,132.0,5696.0,5696.0,5696.0,5696.0,382025.024,207704.64,61704.768,802589.184,-0.007,0.636,0.624,1.861,-1.02,-0.525,-0.205,3.682,0.5436938078695076,M,0.14761072570370024,0.2069069306706836
MAX_IF43b-1_005_thumb0013-1279,70.467,25.203,8.485,139.824,72.0,30.0,10.0,129.0,5453.0,5453.0,5453.0,5453.0,384256.551,137431.959,46268.705,762460.272,-0.12,0.516,0.987,1.938,-1.204,-0.595,1.533,3.055,0.35765677551194175,M,0.09710240473960713,0.14300494648822812
MAX_IF43b-1_012_thumb0001-0046,81.58,90.377,14.394,149.455,83.0,96.0,12.0,139.0,5874.0,5874.0,5874.0,5874.0,479200.92,530874.498,84550.356,877898.67,-0.066,0.582,1.895,1.873,-0.961,0.489,4.956,3.662,1.1078328021573915,M,0.3007722389291305,0.51281030229602
MAX_IF43b-1_005_thumb0005-0470,141.419,92.612,19.113,166.224,138.0,95.0,19.0,148.0,5184.0,5184.0,5184.0,5184.0,733116.096,480100.608,99081.792,861705.216,0.082,0.385,0.94,1.541,-1.348,-0.732,0.944,1.793,0.6548766431667596,M,0.17779642722627734,0.5254919693753831
MAX_IF43b-1_005_thumb0004-0389,140.751,105.518,22.401,178.311,131.0,113.0,24.0,163.0,6167.0,6167.0,6167.0,6167.0,868011.417,650729.506,138146.967,1099643.937,0.192,-0.034,0.328,1.682,-1.351,-0.912,-0.494,3.181,0.749678510277014,M,0.20353476045660368,0.598722213369236
MAX_IF43b-1_005_thumb0002-0167,127.735,64.306,25.89,145.458,138.0,66.0,27.0,138.0,5639.0,5639.0,5639.0,5639.0,720297.665,362621.534,145993.71,820237.662,-0.214,0.777,1.2,1.565,-1.336,0.451,2.768,2.422,0.5034328884017693,M,0.13668004476874748,0.36488021619934125
MAX_IF43b-1_005_thumb0001-0102,116.16,66.26,26.223,142.921,115.0,67.0,28.0,137.0,6220.0,6220.0,6220.0,6220.0,722515.2,412137.2,163107.06,888968.62,-0.044,0.528,0.379,2.098,-1.41,-0.696,-0.305,5.008,0.5704201101928376,M,0.15486681143471537,0.37596745444232815
MAX_IF43b-1_008_thumb0018-1149,72.05,19.02,15.24,137.838,70.0,25.0,16.0,133.0,6788.0,6788.0,6788.0,6788.0,489075.4,129107.76,103449.12,935644.344,0.133,0.466,1.554,1.619,-1.204,-0.289,3.469,2.691,0.2639833448993754,M,0.07167043757033084,0.10792183796397646
MAX_IF43b-1_008_thumb0014-0869,126.249,105.944,14.868,166.291,129.0,115.0,18.0,152.0,6717.0,6717.0,6717.0,6717.0,848014.533,711625.848,99868.356,1116976.647,-0.126,0.054,1.944,1.472,-1.242,-0.889,9.897,2.283,0.8391670429072706,M,0.2278305443197185,0.6011393901816784
MAX_IF43b-1_008_thumb0013-0829,116.183,103.778,18.317,154.477,112.0,111.0,18.0,138.0,4297.0,4297.0,4297.0,4297.0,499238.351,445934.066,78708.149,663787.669,0.122,0.133,2.039,1.901,-1.297,-0.645,6.662,3.044,0.8932287856226815,M,0.24250809436631354,0.5888492376564433
MAX_IF43b-1_011_thumb0011-0505,160.969,50.499,14.468,165.643,177.0,58.0,18.0,147.0,9853.0,9853.0,9853.0,9853.0,1586027.557,497566.647,142553.204,1632080.479,-0.15,0.547,0.766,1.509,-1.056,-0.383,0.718,1.637,0.3137187905745827,M,0.08517341502391321,0.2865375865059331
MAX_IF43b-1_002_thumb0018-1153,51.893,66.912,9.551,135.975,52.0,79.0,11.0,132.0,8061.0,8061.0,8061.0,8061.0,418309.473,539377.632,76990.611,1096094.475,0.092,-0.155,1.499,1.633,-0.967,-0.18,2.372,3.017,1.289422465457769,M,0.35007311672484137,0.379666983272639
MAX_IF43b-1_009_thumb0004-0233,141.677,46.084,22.597,153.358,146.0,59.0,25.0,140.0,5935.0,5935.0,5935.0,5935.0,840852.995,273508.54,134113.195,910179.73,-0.164,0.423,0.238,2.389,-0.972,-0.729,-0.786,7.757,0.32527509758111767,M,0.08831090682352334,0.26148632916571457
MAX_IF43b-1_002_thumb0006-0520,151.671,54.044,17.781,170.66,178.0,60.0,20.0,149.0,9676.0,9676.0,9676.0,9676.0,1467568.596,522929.744,172048.956,1651306.16,-0.667,1.116,1.57,1.374,-0.968,1.984,4.611,1.355,0.35632388525163017,M,0.09674053028792087,0.3066523559897552
MAX_IF43b-1_009_thumb0018-1190,75.623,26.254,11.468,142.564,72.0,40.0,13.0,133.0,5660.0,5660.0,5660.0,5660.0,428026.18,148597.64,64908.88,806912.24,0.218,0.819,1.164,2.103,-1.163,0.564,1.603,4.379,0.3471695119209764,M,0.09425515401336759,0.1489684507837139
MAX_IF43b-1_007_thumb0012-0904,128.881,50.969,15.225,167.798,144.0,66.0,17.0,145.0,10920.0,10920.0,10920.0,10920.0,1407380.52,556581.48,166257.0,1832354.16,-0.573,0.652,1.404,1.481,-0.94,0.244,4.512,1.616,0.3954733436270668,M,0.10736945391747231,0.2892044247731817
MAX_IF43b-1_007_thumb0010-0743,139.689,74.051,14.737,186.278,143.0,91.0,16.0,157.0,12042.0,12042.0,12042.0,12042.0,1682134.938,891722.142,177462.954,2243159.676,-0.234,0.199,2.369,1.493,-0.955,-0.691,13.586,1.553,0.5301133231678944,M,0.1439236776387823,0.4201745543149538
MAX_IF43b-1_007_thumb0008-0614,98.005,5.289,15.08,131.145,94.0,22.0,17.0,128.0,11818.0,11818.0,11818.0,11818.0,1158223.09,62505.402,178215.44,1549871.61,0.334,3.437,1.173,8.788,-1.08,38.031,2.994,110.222,0.05396663435539003,M,0.014651728501747627,0.030010441692506388
MAX_IF43b-1_009_thumb0011-0730,155.667,98.311,15.869,177.59,153.0,114.0,19.0,157.0,4860.0,4860.0,4860.0,4860.0,756541.62,477791.46,77123.34,863087.4,0.04,0.011,0.168,1.331,-1.279,-1.035,-0.839,1.038,0.6315468275228533,M,0.17146247424045066,0.5578288018967661
MAX_IF43b-1_009_thumb0010-0728,155.661,85.942,13.216,166.132,156.0,101.0,16.0,147.0,5000.0,5000.0,5000.0,5000.0,778305.0,429710.0,66080.0,830660.0,0.003,0.09,0.477,1.211,-1.243,-0.735,-0.056,0.436,0.5521100339841064,M,0.14989569791872412,0.48764556247634405
MAX_IF43b-1_004_thumb0007-0292,89.354,28.367,23.078,149.954,98.0,39.0,24.0,140.0,7128.0,7128.0,7128.0,7128.0,636915.312,202199.976,164499.984,1068872.112,-0.382,0.39,1.686,1.802,-0.92,-0.252,4.418,3.619,0.3174676007789243,M,0.08619120221732762,0.160957874738387
MAX_IF43b-1_009_thumb0005-0262,167.307,91.913,19.026,188.929,173.0,110.0,22.0,162.0,11931.0,11931.0,11931.0,11931.0,1996139.817,1096614.003,226999.206,2254111.899,-0.192,-0.016,0.27,1.659,-1.103,-1.03,-0.053,2.401,0.5493673307153915,M,0.14915106479245888,0.5215257567183474
MAX_IF43b-1_004_thumb0008-0348,76.879,18.103,22.951,140.316,76.0,28.0,23.0,135.0,4886.0,4886.0,4886.0,4886.0,375630.794,88451.258,112138.586,685583.976,0.165,0.463,1.253,4.402,-1.09,-0.37,1.981,30.463,0.23547392655991883,M,0.06393024286962606,0.10271866628085521
MAX_IF43b-1_011_thumb0028-1254,70.141,13.347,7.675,141.806,66.0,22.0,12.0,132.0,5712.0,5712.0,5712.0,5712.0,400645.392,76238.064,43839.6,809995.872,0.379,0.424,1.135,1.977,-0.931,-0.461,4.644,3.714,0.19028813390171223,M,0.051662478276331934,0.07573253266588821
MAX_IF43b-1_009_thumb0006-0289,131.79,47.685,23.025,152.426,129.0,58.0,25.0,143.0,5326.0,5326.0,5326.0,5326.0,701913.54,253970.31,122631.15,811820.876,0.073,0.714,0.322,1.765,-1.138,-0.002,-0.246,3.206,0.36182563168677445,M,0.09823423275827219,0.27057060164627855
MAX_IF43b-1_002_thumb0012-0752,82.082,101.693,16.393,156.226,83.0,107.0,15.0,143.0,7149.0,7149.0,7149.0,7149.0,586804.218,727003.257,117193.557,1116859.674,-0.079,0.575,3.327,1.71,-1.021,0.333,13.349,2.778,1.2389196169683976,M,0.33636179243216274,0.5770186891730105
MAX_IF43b-1_004_thumb0011-0464,126.196,42.705,23.386,163.253,134.0,52.0,24.0,147.0,12751.0,12751.0,12751.0,12751.0,1609125.196,544531.455,298194.886,2081639.003,-0.136,0.957,2.663,1.622,-0.979,0.93,12.322,2.329,0.3384021680560398,M,0.09187485471316334,0.24231346426138878
MAX_IF43b-1_002_thumb0013-0817,86.448,116.032,19.948,160.705,88.0,121.0,18.0,144.0,7031.0,7031.0,7031.0,7031.0,607815.888,815820.992,140254.388,1129916.855,0.007,0.675,2.01,2.043,-0.956,0.428,4.428,4.831,1.3422172866925783,M,0.36440670258340563,0.6583799528199851
MAX_IF43b-1_012_thumb0013-0468,77.978,51.474,15.799,151.818,80.0,57.0,15.0,143.0,8293.0,8293.0,8293.0,8293.0,646671.554,426873.882,131021.107,1259026.674,-0.032,1.442,1.698,1.787,-0.924,3.914,4.152,3.233,0.6601092615866013,M,0.1792170625013231,0.29206985737948077
MAX_IF43b-1_009_thumb0016-1096,75.661,34.732,14.939,141.977,71.0,45.0,17.0,136.0,4047.0,4047.0,4047.0,4047.0,306200.067,140560.404,60458.133,574580.919,0.217,0.673,1.19,2.085,-1.353,-0.539,2.133,4.83,0.45904759387266886,M,0.12462961226210124,0.19707367382570087
MAX_IF43b-1_014_thumb0028-1019,68.924,111.654,11.416,142.35,71.0,126.0,10.0,133.0,7325.0,7325.0,7325.0,7325.0,504868.3,817865.55,83622.2,1042713.75,-0.041,0.131,2.817,1.684,-0.963,0.024,9.0,2.407,1.6199582148453366,M,0.4398122697773726,0.6335386380667628
MAX_IF43b-1_010_thumb0012-1013,81.939,39.343,12.411,139.496,82.0,46.0,13.0,132.0,6989.0,6989.0,6989.0,6989.0,572671.671,274968.227,86740.479,974937.544,-0.092,1.43,2.13,2.042,-1.193,5.427,5.762,4.279,0.48014986758442263,M,0.13035879639387585,0.22323705946460182
MAX_IF43b-1_015_thumb0002-0137,77.436,-8.334,14.481,174.243,76.0,0.0,16.0,148.0,4433.0,4433.0,4433.0,4433.0,343273.788,-36944.622,64194.273,772419.219,0.241,0.915,1.856,6.936,-1.218,0.816,5.409,59.684,-0.10762436076243606,M,-0.02921958971317356,-0.04728814918989378
MAX_IF43b-1_001_thumb0011-1098,68.813,33.495,11.201,134.535,66.0,36.0,12.0,130.0,7208.0,7208.0,7208.0,7208.0,496004.104,241431.96,80736.808,969728.28,0.12,0.605,2.159,2.295,-0.966,-0.394,11.927,5.971,0.4867539563745222,M,0.13215178046838316,0.19005478247126137
MAX_IF43b-1_015_thumb0004-0175,128.976,8.169,7.497,184.067,139.0,14.0,10.0,163.0,6135.0,6135.0,6135.0,6135.0,791267.76,50116.815,45994.095,1129251.045,-0.149,1.633,0.745,9.388,-1.472,3.402,0.383,103.165,0.06333736509117976,M,0.017195844958957453,0.046351918734370334
MAX_IF43b-1_014_thumb0031-1116,32.469,142.622,3.103,133.279,33.0,162.0,4.0,127.0,11402.0,11402.0,11402.0,11402.0,370211.538,1626176.044,35380.406,1519647.158,0.063,-0.092,3.962,3.382,-0.994,-0.829,21.394,13.893,4.392559056330654,M,1.1925624691994816,0.8092549092585832
MAX_IF43b-1_010_thumb0017-1090,75.828,66.229,14.174,135.476,73.0,70.0,16.0,131.0,6754.0,6754.0,6754.0,6754.0,512142.312,447310.666,95731.196,915004.904,0.083,0.369,1.327,2.397,-1.239,-0.876,2.591,7.162,0.8734108772485097,M,0.2371276103609797,0.37579155659916913
MAX_IF43b-1_012_thumb0028-0926,112.147,9.699,11.968,153.663,116.0,17.0,12.0,142.0,6102.0,6102.0,6102.0,6102.0,684320.994,59183.298,73028.736,937651.626,-0.081,0.581,1.199,1.958,-1.192,-0.179,1.4,3.619,0.08648470311287863,M,0.02348025598964532,0.05503332841286055
MAX_IF43b-1_006_thumb0006-0373,127.841,52.075,28.432,150.4,117.0,54.0,30.0,139.0,7194.0,7194.0,7194.0,7194.0,919688.154,374627.55,204539.808,1081977.6,0.198,0.491,0.894,1.863,-1.398,-0.489,1.117,2.942,0.407341932556848,M,0.11059172902829054,0.2954800058871753
MAX_IF43b-1_012_thumb0026-0879,107.538,72.724,3.994,150.216,109.0,81.0,6.0,137.0,5547.0,5547.0,5547.0,5547.0,596513.286,403400.028,22154.718,833248.152,-0.129,0.139,2.893,1.665,-1.089,-0.735,18.568,2.266,0.6762632743774294,M,0.18360281329812692,0.4126449918029561
MAX_IF43b-1_006_thumb0008-0452,120.316,59.975,28.878,145.971,107.0,63.0,32.0,138.0,7593.0,7593.0,7593.0,7593.0,913559.388,455390.175,219270.654,1108357.803,0.326,0.357,0.442,2.121,-1.277,-0.661,-0.246,4.357,0.49847900528607997,M,0.13533508503005995,0.34030558527284377
MAX_IF43b-1_001_thumb0003-0504,120.113,59.937,16.188,177.309,139.0,63.0,17.0,151.0,7325.0,7325.0,7325.0,7325.0,879827.725,439038.525,118577.1,1298788.425,-0.569,0.512,0.651,1.4,-1.047,0.023,-0.485,1.218,0.4990051035275116,M,0.135477918628834,0.34008996856187473
MAX_IF43b-1_012_thumb0023-0811,119.561,49.63,12.12,158.885,138.0,48.0,13.0,144.0,5078.0,5078.0,5078.0,5078.0,607130.758,252021.14,61545.36,806818.03,-0.427,1.543,1.758,1.852,-1.152,1.997,4.194,2.827,0.4151019145038934,M,0.11269853353860769,0.2816067727735096
MAX_IF43b-1_012_thumb0037-1230,60.522,16.158,0.807,138.137,63.0,24.0,1.0,133.0,6120.0,6120.0,6120.0,6120.0,370394.64,98886.96,4938.84,845398.44,-0.04,0.745,1.715,1.419,-0.995,0.695,3.513,1.716,0.26697729751164867,M,0.07248328390299721,0.09168249515362417
MAX_IF43b-1_010_thumb0004-0385,137.497,38.002,20.4,153.175,149.0,45.0,23.0,141.0,5870.0,5870.0,5870.0,5870.0,807107.39,223071.74,119748.0,899137.25,-0.401,0.375,0.488,1.834,-0.938,-0.423,0.102,3.093,0.2763842120191713,M,0.07503722411160328,0.2156280592169839
MAX_IF43b-1_014_thumb0007-0406,168.863,21.118,10.796,166.448,180.0,32.0,12.0,143.0,4891.0,4891.0,4891.0,4891.0,825908.933,103288.138,52803.236,814097.168,-0.157,0.828,0.842,1.695,-1.234,0.395,0.068,2.789,0.12505995984910845,M,0.03395328613754078,0.1198261500590565
MAX_IF43b-1_013_thumb0028-1369,35.964,102.875,-3.436,142.215,36.0,105.0,0.0,135.0,4097.0,4097.0,4097.0,4097.0,147344.508,421478.875,-14077.292,582654.855,0.203,0.564,1.301,2.322,-1.008,-0.698,4.47,6.641,2.8604993882771663,M,0.776614308397504,0.583725503708942
MAX_IF43b-1_014_thumb0005-0388,174.885,22.976,9.558,174.67,197.0,32.0,11.0,153.0,5845.0,5845.0,5845.0,5845.0,1022202.825,134294.72,55866.51,1020946.15,-0.284,0.964,0.821,1.156,-1.41,0.353,-0.091,0.612,0.13137776252966235,M,0.035668544661789356,0.1303686724006479
MAX_IF43b-1_010_thumb0003-0384,127.873,40.543,20.606,152.832,129.0,46.0,23.0,139.0,6588.0,6588.0,6588.0,6588.0,842427.324,267097.284,135752.328,1006857.216,-0.023,0.563,0.379,1.644,-1.126,-0.452,-0.553,2.258,0.317056767261267,M,0.08607966253670771,0.2300460082320451
MAX_IF43b-1_009_thumb0008-0572,120.277,92.133,18.967,172.79,126.0,109.0,22.0,158.0,6155.0,6155.0,6155.0,6155.0,740304.935,567078.615,116741.885,1063522.45,-0.171,-0.165,0.206,1.301,-0.327,-0.724,-0.417,1.128,0.7660068009677661,I,0.207967827016268,0.5227740639923787
MAX_IF43b-1_009_thumb0013-0948,47.917,146.727,3.535,134.765,44.0,162.0,6.0,128.0,28184.0,28184.0,28184.0,28184.0,1350492.728,4135353.768,99630.44,3798216.76,1.183,0.274,6.141,3.966,1.08,0.065,92.583,19.964,3.06210739403552,I,0.8313500872622304,0.8325471881672122
MAX_IF43b-1_015_thumb0035-1369,36.327,116.001,1.681,141.483,36.0,124.0,3.0,133.0,9577.0,9577.0,9577.0,9577.0,347903.679,1110941.577,16098.937,1354982.691,0.877,0.054,1.685,2.699,0.52,-0.67,4.472,8.24,3.193244694029235,I,0.8669533472933655,0.6582040549768262
MAX_IF43b-1_009_thumb0001-0076,112.769,86.478,24.118,179.123,120.0,97.0,27.0,161.0,15331.0,15331.0,15331.0,15331.0,1728861.539,1325794.218,369753.058,2746134.713,-0.524,3.332,0.775,1.399,-0.452,15.694,1.646,1.388,0.7668596866160026,I,0.2081993821078586,0.4906868929258021
MAX_IF43b-1_009_thumb0014-0951,48.036,214.7,7.582,138.866,45.0,225.0,10.0,131.0,23968.0,23968.0,23968.0,23968.0,1151326.848,5145929.6,181725.376,3328340.288,1.055,0.108,4.597,3.997,1.225,-0.588,34.758,20.995,4.469564493296693,I,1.213469141795642,1.2182344169750654
MAX_IF43b-1_009_thumb0002-0110,66.694,294.738,10.251,151.268,65.0,309.0,13.0,137.0,24103.0,24103.0,24103.0,24103.0,1607525.482,7104070.014,247079.853,3646012.604,0.522,0.059,1.669,4.542,-0.055,-0.541,9.202,27.564,4.419258104177287,I,1.1998111554475053,1.6723799515155886
MAX_IF43b-1_009_thumb0003-0158,57.724,251.935,13.738,147.642,57.0,279.0,14.0,131.0,19549.0,19549.0,19549.0,19549.0,1128446.476,4925077.315,268564.162,2886253.458,0.428,-0.232,6.608,3.832,-0.21,-0.574,55.42,18.008,4.3644757813041375,I,1.1849379707284677,1.4295104231048585
MAX_IF43b-1_010_thumb0020-1310,31.321,131.879,2.024,134.147,29.0,137.0,5.0,128.0,20277.0,20277.0,20277.0,20277.0,635095.917,2674110.483,41040.648,2720098.719,0.837,0.118,4.579,3.605,0.231,-0.682,28.93,19.314,4.210561604035631,I,1.1431508782991473,0.7482977954180469
MAX_IF43b-1_010_thumb0018-1173,41.024,177.359,5.336,140.649,40.0,191.0,8.0,133.0,22930.0,22930.0,22930.0,22930.0,940680.32,4066841.87,122354.48,3225081.57,0.642,-0.163,4.428,3.742,-0.01,-0.927,42.784,19.755,4.3232985569422775,I,1.1737585166266526,1.0063569537041483
MAX_IF43b-1_010_thumb0019-1271,29.363,143.514,5.824,139.807,28.0,150.0,8.0,130.0,18844.0,18844.0,18844.0,18844.0,553316.372,2704377.816,109747.456,2634523.108,1.178,0.012,1.642,3.473,1.444,-0.982,4.482,14.612,4.887579606988387,I,1.3269585974304856,0.8143162278423827
MAX_IF43b-1_009_thumb0007-0570,79.367,316.427,22.332,146.568,79.0,341.0,20.0,137.0,20991.0,20991.0,20991.0,20991.0,1665992.697,6642119.157,468771.012,3076608.888,0.112,-0.07,3.686,3.677,0.064,-1.053,19.332,17.503,3.9868837174140386,I,1.0824232137751333,1.7954460263631535
MAX_IF43b-1_010_thumb0015-1059,76.55,55.732,18.536,139.352,77.0,65.0,21.0,135.0,7676.0,7676.0,7676.0,7676.0,587597.8,427798.832,142282.336,1069665.952,0.043,-0.03,1.317,1.754,-0.808,-0.295,3.674,3.317,0.7280470280862181,I,0.1976618983088037,0.3162302772559588
MAX_IF43b-1_009_thumb0012-0763,120.859,92.844,18.501,164.168,125.0,107.0,21.0,146.0,14008.0,14008.0,14008.0,14008.0,1692992.872,1300558.752,259162.008,2299665.344,-0.149,0.266,0.317,1.437,-0.508,0.162,-0.277,1.464,0.768200961450947,I,0.20856353293850732,0.5268083661370888
MAX_IF43b-1_010_thumb0008-0848,120.895,53.76,13.536,157.947,130.0,60.0,16.0,143.0,11355.0,11355.0,11355.0,11355.0,1372762.725,610444.8,153701.28,1793488.185,-0.493,0.701,0.537,1.843,-0.69,0.607,0.27,3.654,0.4446834029529757,I,0.12072979104818868,0.3050409047814603
MAX_IF43b-1_015_thumb0001-0155,73.264,147.509,14.871,172.036,69.0,156.0,15.0,151.0,21123.0,21123.0,21123.0,21123.0,1547555.472,3115832.607,314120.133,3633916.428,1.74,0.117,2.951,3.809,5.012,-0.967,12.165,17.64,2.0133899322996287,I,0.546627430236621,0.8369843531139959
MAX_IF43b-1_010_thumb0009-0905,60.23,212.785,15.084,147.26,58.0,223.0,15.0,131.0,21304.0,21304.0,21304.0,21304.0,1283139.92,4533171.64,321349.536,3137227.04,0.378,-0.096,3.958,3.908,-0.169,-0.477,22.223,18.704,3.532873983064918,I,0.959161360515435,1.2073684695670206
MAX_IF43b-1_010_thumb0011-1021,46.032,179.921,8.343,140.996,44.0,191.0,11.0,128.0,21966.0,21966.0,21966.0,21966.0,1011138.912,3952144.686,183262.338,3097118.136,2.492,-0.163,2.549,4.278,10.695,-0.715,17.137,22.867,3.908607055961071,I,1.061171408741686,1.0208940593226397
MAX_IF43b-1_009_thumb0009-0581,129.991,92.531,19.792,177.305,140.0,111.0,23.0,163.0,6821.0,6821.0,6821.0,6821.0,886668.611,631153.951,135001.232,1209397.405,-0.415,-0.184,0.128,1.281,-0.341,-0.89,-0.128,1.302,0.7118262033525398,I,0.19325800833287546,0.5250323653335808
MAX_IF43b-1_010_thumb0014-1081,65.402,188.269,21.029,148.058,57.0,199.0,21.0,138.0,23292.0,23292.0,23292.0,23292.0,1523343.384,4385161.548,489807.468,3448566.936,1.181,-0.008,4.299,4.032,0.839,-0.896,36.179,23.5,2.878642854958564,I,0.7815401880835658,1.0682616462481538
MAX_IF43b-1_015_thumb0011-0424,53.42,223.711,10.013,143.913,54.0,231.0,8.0,135.0,27302.0,27302.0,27302.0,27302.0,1458472.84,6107757.722,273374.926,3929112.726,0.191,0.172,4.203,2.918,-0.158,-0.257,22.67,10.338,4.18777611381505,I,1.136964707520131,1.269363948094592
MAX_IF43b-1_015_thumb0033-1290,28.634,119.5,-1.557,135.386,29.0,138.0,1.0,130.0,7065.0,7065.0,7065.0,7065.0,202299.21,844267.5,-11000.205,956502.09,0.407,-0.487,1.997,2.929,0.144,-0.656,6.639,11.09,4.173360340853531,I,1.133050881985189,0.6780578147578963
MAX_IF43b-1_009_thumb0015-1083,37.189,211.411,5.104,139.554,38.0,234.0,8.0,130.0,22624.0,22624.0,22624.0,22624.0,841363.936,4782962.464,115472.896,3157269.696,0.254,-0.402,4.396,4.006,-0.257,-0.274,42.448,20.764,5.684772378929253,I,1.5433932926370544,1.199572223228298
MAX_IF43b-1_015_thumb0013-0528,53.261,185.695,11.224,142.475,53.0,202.0,9.0,132.0,30626.0,30626.0,30626.0,30626.0,1631171.386,5687095.07,343746.224,4363439.35,0.665,-0.147,4.239,5.65,0.562,-0.573,22.893,41.104,3.4865098289555205,I,0.9465736754330092,1.053656451141988
MAX_IF43b-1_015_thumb0014-0536,63.39,125.872,2.219,148.887,64.0,137.0,5.0,135.0,26239.0,26239.0,26239.0,26239.0,1663290.21,3302755.408,58224.341,3906645.993,0.286,0.135,1.908,4.405,-0.048,-0.79,7.732,26.479,1.9856759741284113,I,0.5391031998360473,0.7142133327130202
MAX_IF43b-1_015_thumb0015-0682,102.1,35.983,-0.98,160.867,98.0,43.0,2.0,138.0,14849.0,14849.0,14849.0,14849.0,1516082.9,534311.567,-14552.02,2388714.083,0.356,1.443,0.886,2.206,-0.778,6.193,1.494,6.651,0.3524289911851126,I,0.09568308190175923,0.2041720029157605
MAX_IF43b-1_015_thumb0010-0346,94.617,69.338,15.284,146.749,98.0,78.0,16.0,140.0,6822.0,6822.0,6822.0,6822.0,645477.174,473023.836,104267.448,1001121.678,-0.648,0.284,2.195,3.617,0.692,-0.315,6.218,17.561,0.7328281387065748,I,0.19895995099604327,0.39343240803082014
MAX_IF43b-1_015_thumb0016-0775,108.004,45.039,1.851,150.743,113.0,52.0,5.0,138.0,14856.0,14856.0,14856.0,14856.0,1604507.424,669099.384,27498.456,2239438.008,-0.121,0.595,0.608,1.679,-0.833,-0.068,0.069,2.738,0.41701233287656014,I,0.1132172045962974,0.25555686961406604
MAX_IF43b-1_015_thumb0009-0325,68.212,197.67,10.205,142.706,66.0,220.0,11.0,136.0,7449.0,7449.0,7449.0,7449.0,508111.188,1472443.83,76017.045,1063016.994,0.705,-0.211,2.015,4.318,0.846,-0.954,5.519,23.747,2.8978772063566525,I,0.7867622386701586,1.1216040857170992
MAX_IF43b-1_015_thumb0018-0817,65.822,181.299,-0.559,142.419,65.0,197.0,2.0,132.0,18938.0,18938.0,18938.0,18938.0,1246537.036,3433440.462,-10586.342,2697131.022,0.285,-0.103,3.013,4.269,-0.463,-0.753,20.167,25.852,2.754383033028471,I,0.7478041362370532,1.028713002157254
MAX_IF43b-1_015_thumb0019-0802,65.705,168.791,6.626,156.625,66.0,163.0,7.0,133.0,9860.0,9860.0,9860.0,9860.0,647851.3,1664279.26,65332.36,1544322.5,0.082,0.54,2.422,4.288,-0.26,0.111,8.672,22.824,2.5689216954569667,I,0.6974521141381015,0.9577410595046031
MAX_IF43b-1_015_thumb0020-0870,60.186,51.791,-0.926,131.539,61.0,64.0,1.0,129.0,10711.0,10711.0,10711.0,10711.0,644652.246,554733.401,-9918.386,1408914.229,0.036,-0.027,5.868,4.904,0.103,-0.593,45.28,44.209,0.860515734556209,I,0.2336266299501082,0.29386855467888034
MAX_IF43b-1_015_thumb0008-0329,122.347,55.783,8.869,144.681,112.0,64.0,12.0,137.0,11824.0,11824.0,11824.0,11824.0,1446630.928,659578.192,104867.056,1710708.144,0.49,0.592,1.396,3.267,-0.373,0.235,4.804,13.581,0.45594088943741984,I,0.12378615425394221,0.31651965757857514
MAX_IF43b-1_015_thumb0021-0860,79.434,236.4,9.219,152.744,81.0,245.0,8.0,134.0,9600.0,9600.0,9600.0,9600.0,762566.4,2269440.0,88502.4,1466342.4,-0.183,0.083,1.854,4.489,0.087,-0.921,3.661,25.89,2.9760555933227586,I,0.8079873625678017,1.341362907186332
MAX_IF43b-1_015_thumb0022-0910,65.461,179.194,14.766,146.01,66.0,197.0,11.0,138.0,13516.0,13516.0,13516.0,13516.0,884770.876,2421986.104,199577.256,1973471.16,0.097,-0.183,1.793,3.429,-0.034,-0.893,3.626,17.091,2.7374161714608696,I,0.7431977002014437,1.0167689711943637
MAX_IF43b-1_015_thumb0023-0926,60.365,149.861,4.43,143.27,60.0,149.0,4.0,132.0,18225.0,18225.0,18225.0,18225.0,1100152.125,2731216.725,80736.75,2611095.75,1.094,0.372,2.476,2.939,2.854,-0.413,7.191,9.97,2.4825809657914353,I,0.6740109463718962,0.8503298926981848
MAX_IF43b-1_015_thumb0032-1307,42.483,89.299,3.931,139.024,36.0,87.0,5.0,132.0,24090.0,24090.0,24090.0,24090.0,1023415.47,2151212.91,94697.79,3349088.16,1.495,0.639,1.614,3.332,2.035,-0.418,4.115,14.672,2.10199373867194,I,0.5706830144081185,0.5066935966532669
MAX_IF43b-1_015_thumb0024-1011,64.725,195.564,9.023,143.587,66.0,200.0,9.0,135.0,33438.0,33438.0,33438.0,33438.0,2164274.55,6539269.032,301711.074,4801262.106,-0.055,0.104,3.608,3.748,-0.478,-0.571,18.825,20.548,3.021460023174971,I,0.8203144862974441,1.1096543806302361
MAX_IF43b-1_015_thumb0007-0302,46.419,195.041,5.623,143.443,45.0,202.0,8.0,134.0,22592.0,22592.0,22592.0,22592.0,1048698.048,4406366.272,127034.816,3240664.256,1.166,0.197,2.95,3.271,2.493,-0.736,17.183,13.492,4.2017492836984855,I,1.1407583680640268,1.1066868137924255
MAX_IF43b-1_015_thumb0025-1039,55.882,150.041,2.904,141.409,60.0,155.0,5.0,132.0,28501.0,28501.0,28501.0,28501.0,1592692.882,4276318.541,82766.904,4030297.909,0.053,0.205,4.073,2.624,-0.635,-0.271,25.451,8.538,2.684961168175799,I,0.7289563735767387,0.8513512350133013
MAX_IF43b-1_015_thumb0026-1019,54.698,171.91,2.502,138.972,56.0,179.0,5.0,129.0,21794.0,21794.0,21794.0,21794.0,1192088.212,3746606.54,54528.588,3028755.768,0.313,0.385,2.941,3.758,0.116,-0.127,18.829,17.617,3.142893707265348,I,0.8532832528605472,0.9754386521759828
MAX_IF43b-1_015_thumb0027-1033,46.771,144.268,1.489,135.49,47.0,157.0,3.0,131.0,22828.0,22828.0,22828.0,22828.0,1067688.388,3293349.904,33990.892,3092965.72,0.515,0.013,3.341,2.665,0.124,-0.697,19.64,8.61,3.0845609458852707,I,0.8374461380820014,0.8185945173179262
MAX_IF43b-1_015_thumb0028-1039,32.393,194.818,5.427,142.221,33.0,200.0,5.0,134.0,16367.0,16367.0,16367.0,16367.0,530176.231,3188586.206,88823.709,2327731.107,0.469,0.354,3.079,2.421,0.19,-0.076,13.108,6.443,6.014200598894823,I,1.632831755817174,1.1054214841464758
MAX_IF43b-1_015_thumb0005-0273,83.015,214.202,9.356,156.017,79.0,223.0,9.0,138.0,35573.0,35573.0,35573.0,35573.0,2953092.595,7619807.746,332820.988,5549992.741,0.46,0.152,3.72,3.753,-0.054,-0.584,17.485,18.867,2.5802806721676803,I,0.7005360315402329,1.2154087032365766
MAX_IF43b-1_015_thumb0029-1166,41.881,127.697,-0.421,133.763,40.0,133.0,1.0,127.0,21514.0,21514.0,21514.0,21514.0,901027.834,2747273.258,-9057.394,2877777.182,2.123,0.434,2.755,3.676,8.143,-0.283,11.574,16.826,3.0490437191089037,I,0.8278033510140628,0.7245686089635069
MAX_IF43b-1_015_thumb0030-1237,45.635,116.99,-4.166,138.341,47.0,121.0,-1.0,126.0,16600.0,16600.0,16600.0,16600.0,757541.0,1942034.0,-69155.6,2296460.6,0.195,0.337,4.241,4.064,-0.088,-0.626,32.576,21.632,2.563602498082612,I,0.6960079730181824,0.663815763585994
MAX_IF43b-1_015_thumb0003-0197,51.593,223.32,8.61,153.236,52.0,241.0,8.0,136.0,16790.0,16790.0,16790.0,16790.0,866246.47,3749542.8,144561.9,2572832.44,0.038,0.025,4.668,3.487,0.428,-0.555,28.517,15.429,4.328494175566452,I,1.1751691066030205,1.2671453656212
MAX_IF43b-1_015_thumb0031-1238,39.022,149.522,7.952,135.329,39.0,165.0,6.0,130.0,14644.0,14644.0,14644.0,14644.0,571438.168,2189600.168,116449.088,1981757.876,0.683,-0.287,2.014,3.673,0.029,-0.696,4.622,17.075,3.8317359438265592,I,1.0403012048078033,0.8484063646713821
MAX_IF43b-1_015_thumb0012-0460,65.474,185.804,6.814,146.988,66.0,194.0,7.0,134.0,17854.0,17854.0,17854.0,17854.0,1168972.796,3317344.616,121657.156,2624323.752,0.138,0.076,5.423,3.182,0.665,-0.945,37.712,12.306,2.837828756452943,I,0.7704593212203498,1.0542749306550308
MAX_IF43b-1_014_thumb0001-0094,61.865,240.275,14.57,140.855,61.0,251.0,14.0,133.0,17423.0,17423.0,17423.0,17423.0,1077873.895,4186311.325,253853.11,2454116.665,0.59,0.144,2.852,2.92,0.747,-0.428,11.271,10.541,3.8838600177806515,I,1.0544526854236054,1.3633501375812012
MAX_IF43b-1_004_thumb0009-0418,61.293,275.26,7.687,152.228,60.0,288.0,9.0,134.0,23882.0,23882.0,23882.0,23882.0,1463799.426,6573759.32,183580.934,3635509.096,0.438,0.104,3.154,4.255,0.062,-0.649,14.862,22.861,4.490888029628179,I,1.2192583978565006,1.5618593647720378
MAX_IF43b-1_009_thumb0020-1238,37.318,146.104,4.881,145.259,36.0,157.0,7.0,132.0,4584.0,4584.0,4584.0,4584.0,171065.712,669740.736,22374.504,665867.256,0.804,0.342,6.998,2.895,-0.08,-0.272,68.842,8.933,3.915107990781929,I,1.0629363869201565,0.8290122089321146
MAX_IF43b-1_012_thumb0019-0744,77.115,147.163,15.404,149.016,80.0,153.0,16.0,145.0,9992.0,9992.0,9992.0,9992.0,770533.08,1470452.696,153916.768,1488967.872,0.52,0.261,1.634,2.404,1.857,-0.227,4.715,8.325,1.908357647669066,I,0.5181115789758024,0.8350211062193832
MAX_IF43b-1_012_thumb0030-1080,45.98,85.432,6.924,143.241,49.0,88.0,5.0,134.0,125579.0,125579.0,125579.0,125579.0,5774122.42,10728465.128,869508.996,17988061.539,-0.022,0.571,3.286,2.886,-0.371,-0.111,16.344,11.906,1.8580252283601568,I,0.5044465255338213,0.4847517592501807
MAX_IF43b-1_012_thumb0025-0905,82.59,170.015,8.465,162.876,76.0,184.0,8.0,148.0,20425.0,20425.0,20425.0,20425.0,1686900.75,3472556.375,172897.625,3326742.3,0.868,0.083,1.727,3.418,0.422,-1.16,3.665,16.281,2.058542196391815,I,0.5588860919564035,0.9646861872473952
MAX_IF43b-1_012_thumb0024-0827,112.951,62.905,1.008,149.295,113.0,72.0,4.0,137.0,7239.0,7239.0,7239.0,7239.0,817652.289,455369.295,7296.912,1080746.505,0.128,0.072,0.703,1.498,-0.713,-0.691,1.739,2.063,0.5569229134757551,I,0.15120237572929288,0.3569307685133512
MAX_IF43b-1_012_thumb0022-0806,59.316,192.681,4.376,163.894,59.0,206.0,3.0,149.0,21406.0,21406.0,21406.0,21406.0,1269718.296,4124529.486,93672.656,3508314.964,0.402,-0.118,3.239,3.672,0.243,-0.775,13.29,17.379,3.2483815496661945,I,0.8819227862602796,1.0932958812164537
MAX_IF43b-1_012_thumb0021-0823,71.607,168.481,9.983,152.221,72.0,175.0,8.0,141.0,53096.0,53096.0,53096.0,53096.0,3802045.272,8945667.176,530057.368,8082326.216,0.117,0.148,2.913,3.101,-0.383,-0.19,11.869,13.273,2.3528565643023724,I,0.6387912827154092,0.9559820810730135
MAX_IF43b-1_012_thumb0020-0746,97.899,14.267,5.442,143.446,101.0,22.0,7.0,137.0,8327.0,8327.0,8327.0,8327.0,815204.973,118801.309,45315.534,1194474.842,-0.154,0.559,1.113,2.393,-0.674,0.173,1.506,6.94,0.14573182565705473,I,0.039565616220014005,0.08095272672092808
MAX_IF43b-1_012_thumb0018-0674,122.713,32.592,12.296,149.66,131.0,41.0,14.0,142.0,6322.0,6322.0,6322.0,6322.0,775791.586,206046.624,77735.312,946150.52,-0.467,0.39,0.818,2.256,-0.424,0.057,0.858,6.726,0.26559533219789266,I,0.07210808576774491,0.1849310485237603
MAX_IF43b-1_009_thumb0023-1301,50.986,65.983,10.611,138.898,53.0,80.0,13.0,132.0,9025.0,9025.0,9025.0,9025.0,460148.65,595496.575,95764.275,1253554.45,-0.111,0.569,1.236,2.043,-0.898,0.641,4.164,5.129,1.2941395677244736,I,0.3513537913963726,0.3743957221018433
MAX_IF43b-1_012_thumb0017-0623,73.205,186.122,2.591,144.281,74.0,196.0,3.0,132.0,17849.0,17849.0,17849.0,17849.0,1306636.045,3322091.578,46246.759,2575271.569,0.122,0.043,2.385,3.994,0.134,-0.788,7.808,19.532,2.542476606789154,I,0.690272376806071,1.0560793020784032
MAX_IF43b-1_012_thumb0016-0615,130.921,20.036,-0.373,148.453,139.0,28.0,2.0,138.0,12851.0,12851.0,12851.0,12851.0,1682465.771,257482.636,-4793.423,1907769.503,-0.246,0.284,0.611,1.376,-0.861,-0.353,0.64,1.228,0.15303885549300725,I,0.041549446017616586,0.11368674792041181
MAX_IF43b-1_012_thumb0015-0632,55.24,221.735,18.852,157.166,53.0,234.0,11.0,139.0,23144.0,23144.0,23144.0,23144.0,1278474.56,5131834.84,436310.688,3637449.904,0.744,-0.026,2.728,3.714,0.136,-0.452,8.754,15.815,4.014029688631426,I,1.089793237956634,1.2581518791242021
MAX_IF43b-1_012_thumb0014-0595,64.009,181.321,16.087,149.897,54.0,188.0,15.0,138.0,24023.0,24023.0,24023.0,24023.0,1537688.207,4355874.383,386458.001,3600975.631,0.973,0.231,3.56,5.073,0.109,-0.342,19.738,48.261,2.832742270618194,I,0.7690783603661311,1.028837832884657
MAX_IF43b-1_012_thumb0012-0472,76.958,137.893,-1.565,137.779,75.0,150.0,-2.0,128.0,22264.0,22264.0,22264.0,22264.0,1713392.912,3070049.752,-34843.16,3067511.656,0.4,0.014,2.601,4.011,0.004,-0.905,8.605,21.559,1.7917955248317265,I,0.48646542209017324,0.7824219769908836
MAX_IF43b-1_012_thumb0011-0445,154.173,17.051,5.693,158.234,174.0,25.0,8.0,141.0,12103.0,12103.0,12103.0,12103.0,1865955.819,206368.253,68902.379,1915106.102,-0.503,0.615,1.044,1.902,-0.886,0.359,2.89,4.113,0.11059653765575035,I,0.030026524023978127,0.09674948786139656
MAX_IF43b-1_012_thumb0033-1075,51.04,171.391,7.749,141.158,49.0,187.0,8.0,136.0,10869.0,10869.0,10869.0,10869.0,554753.76,1862848.779,84223.881,1534246.302,0.491,-0.303,1.741,2.755,-0.372,-0.52,4.485,11.081,3.357974137931034,I,0.9116767419819943,0.9724937818340635
MAX_IF43b-1_012_thumb0034-1115,52.279,157.694,18.73,144.652,48.0,163.0,14.0,138.0,27240.0,27240.0,27240.0,27240.0,1424079.96,4295584.56,510205.2,3940320.48,1.271,0.119,2.562,3.073,1.491,-1.083,9.886,12.135,3.0163928154708386,I,0.8189387593796972,0.8947753057776711
MAX_IF43b-1_012_thumb0035-1139,46.576,156.619,4.808,147.99,46.0,167.0,5.0,137.0,24185.0,24185.0,24185.0,24185.0,1126440.56,3787830.515,116281.48,3579138.15,0.344,-0.069,1.766,5.248,-0.712,-0.605,4.073,42.763,3.3626545860529027,I,0.912947465197686,0.8886756225068365
MAX_IF43b-1_012_thumb0036-1240,56.45,133.521,-0.657,142.811,58.0,146.0,-1.0,132.0,20404.0,20404.0,20404.0,20404.0,1151805.8,2724362.484,-13405.428,2913915.644,-0.057,-0.25,3.198,3.03,-0.871,-0.292,14.071,11.419,2.365296722763507,I,0.6421687367009765,0.7576147069814985
MAX_IF43b-1_012_thumb0038-1292,30.862,101.936,-2.784,136.616,30.0,111.0,-2.0,131.0,15940.0,15940.0,15940.0,15940.0,491940.28,1624859.84,-44376.96,2177659.04,0.695,0.103,2.471,2.856,-0.06,-0.835,7.952,9.511,3.302961570863846,I,0.8967410468718523,0.5783975012984177
MAX_IF43b-1_012_thumb0039-1265,29.192,91.344,-3.703,138.768,28.0,97.0,-2.0,129.0,8635.0,8635.0,8635.0,8635.0,252072.92,788755.44,-31975.405,1198261.68,0.371,0.161,1.133,3.363,-0.37,-0.206,1.524,14.429,3.129076459303919,I,0.8495319245038628,0.5182971801777847
MAX_IF43b-1_012_thumb0040-1308,37.007,124.559,1.641,138.818,37.0,133.0,0.0,134.0,14130.0,14130.0,14130.0,14130.0,522908.91,1760018.67,23187.33,1961498.34,0.17,-0.167,3.93,1.96,-0.81,-0.247,20.982,4.052,3.3658226821952604,I,0.9138075908123311,0.7067632079366427
MAX_IF43b-1_006_thumb0001-0096,65.402,272.424,14.257,148.286,63.0,292.0,18.0,132.0,18604.0,18604.0,18604.0,18604.0,1216738.808,5068176.096,265237.228,2758712.744,0.858,0.047,0.268,3.815,1.463,-1.13,1.476,17.772,4.165377205590043,I,1.1308834922290836,1.54576754918498
MAX_IF43b-1_006_thumb0002-0282,58.989,263.196,10.709,147.549,57.0,283.0,13.0,130.0,16898.0,16898.0,16898.0,16898.0,996796.122,4447486.008,180960.682,2493283.002,0.502,-0.159,3.658,4.379,1.567,-0.972,22.508,25.255,4.461781010018818,I,1.211355956766642,1.4934067331633414
MAX_IF43b-1_006_thumb0003-0313,57.233,227.755,8.789,142.174,57.0,224.0,11.0,129.0,15412.0,15412.0,15412.0,15412.0,882074.996,3510160.06,135456.068,2191185.688,0.102,0.192,5.997,4.317,0.186,-0.791,60.282,20.766,3.979434941379973,I,1.0804009004434785,1.2923101054408759
MAX_IF43b-1_006_thumb0009-0645,61.008,216.891,5.112,147.366,57.0,222.0,8.0,128.0,26919.0,26919.0,26919.0,26919.0,1642274.352,5838488.829,137609.928,3966945.354,0.552,0.055,5.161,5.579,0.536,-0.504,66.388,41.831,3.555123918174665,I,0.9652021301929119,1.2306664225996224
MAX_IF43b-1_006_thumb0010-0794,45.487,350.997,9.228,146.596,44.0,353.0,13.0,136.0,31052.0,31052.0,31052.0,31052.0,1412462.324,10899158.844,286547.856,4552098.992,0.555,0.219,0.967,4.493,0.538,-0.643,4.19,27.547,7.716424472926331,I,2.094978827788723,1.9916004921052497
MAX_IF43b-1_006_thumb0011-0814,39.725,198.875,5.71,141.873,40.0,219.0,9.0,129.0,7335.0,7335.0,7335.0,7335.0,291382.875,1458748.125,41882.85,1040638.455,-0.003,-0.163,2.066,3.592,-0.436,-0.969,9.039,16.873,5.0062932662051605,I,1.3591888879622025,1.128441405104407
MAX_IF43b-1_006_thumb0012-0922,42.887,206.753,6.508,145.305,42.0,211.0,10.0,130.0,38985.0,38985.0,38985.0,38985.0,1671949.695,8060265.705,253714.38,5664715.425,0.167,0.074,3.706,3.656,-0.252,-0.683,28.143,18.501,4.820878121575302,I,1.3088494070648242,1.173142153762672
MAX_IF43b-1_006_thumb0014-0935,27.018,186.824,4.821,138.735,25.0,196.0,8.0,127.0,18008.0,18008.0,18008.0,18008.0,486540.144,3364326.592,86816.568,2498339.88,0.829,0.091,1.853,4.476,0.794,-0.583,6.809,31.004,6.914797542379155,I,1.8773402759991125,1.0600625371073575
MAX_IF43b-1_006_thumb0015-1239,27.337,172.214,-0.044,140.666,26.0,183.0,3.0,127.0,10654.0,10654.0,10654.0,10654.0,291248.398,1834767.956,-468.776,1498655.564,0.688,-0.34,1.378,3.982,0.226,-0.102,6.956,19.111,6.299667117825657,I,1.710334790454646,0.9771635858637351
MAX_IF43b-1_006_thumb0016-1259,28.368,136.244,1.443,140.954,28.0,142.0,5.0,127.0,12904.0,12904.0,12904.0,12904.0,366060.672,1758092.576,18620.472,1818870.416,0.469,0.006,2.569,4.251,-0.081,-0.481,21.824,22.755,4.8027354765933445,I,1.3039237504669214,0.7730653465596219
MAX_IF43b-1_012_thumb0010-0468,57.701,203.476,7.223,142.068,58.0,212.0,6.0,135.0,24729.0,24729.0,24729.0,24729.0,1426888.029,5031758.004,178617.567,3513199.572,0.17,0.144,3.57,3.1,-0.137,-0.666,18.602,12.054,3.526386024505641,I,0.9573999053408339,1.1545480495035791
MAX_IF43b-1_012_thumb0009-0394,53.997,199.716,6.855,144.41,52.0,197.0,7.0,135.0,12927.0,12927.0,12927.0,12927.0,698019.219,2581728.732,88614.585,1866788.07,0.45,0.227,3.128,2.906,-0.509,-0.713,12.537,9.618,3.6986499249958333,I,1.004168875293882,1.1332133433655902
MAX_IF43b-1_012_thumb0008-0346,57.885,198.357,11.104,147.787,56.0,208.0,9.0,139.0,16264.0,16264.0,16264.0,16264.0,941441.64,3226078.248,180595.456,2403607.768,0.575,0.13,2.742,2.456,0.134,-0.531,9.407,7.344,3.426742679450635,I,0.9303471299326507,1.1255022088864606
MAX_IF43b-1_004_thumb0017-1052,33.551,142.763,0.021,131.723,34.0,153.0,3.0,125.0,26452.0,26452.0,26452.0,26452.0,887491.052,3776366.876,555.492,3484336.796,1.068,0.172,4.919,4.495,1.919,-0.237,36.89,26.723,4.255104169771393,I,1.1552440093184704,0.8100549607387577
MAX_IF43b-1_009_thumb0028-1366,36.958,104.586,3.317,139.376,38.0,125.0,6.0,129.0,12301.0,12301.0,12301.0,12301.0,454620.358,1286512.386,40802.417,1714464.176,0.112,-0.032,3.954,3.441,-0.796,-0.819,27.728,17.497,2.8298609232101306,I,0.7682960859025403,0.5934339298265217
MAX_IF43b-1_004_thumb0001-0113,67.706,286.081,9.391,151.922,68.0,309.0,10.0,134.0,22060.0,22060.0,22060.0,22060.0,1493594.36,6310946.86,207165.46,3351399.32,0.112,-0.149,4.949,4.579,-0.078,-0.83,32.813,26.898,4.225341919475379,I,1.1471636756799748,1.6232590602824581
MAX_IF43b-1_004_thumb0002-0153,43.722,295.452,10.218,152.872,43.0,313.0,13.0,141.0,26793.0,26793.0,26793.0,26793.0,1171443.546,7916045.436,273770.874,4095899.496,0.722,-0.09,3.695,4.782,0.26,-0.741,25.728,30.68,6.7575133799917655,I,1.8346382458938266,1.6764312760322173
MAX_IF43b-1_004_thumb0003-0139,57.094,275.683,17.422,148.116,59.0,272.0,14.0,137.0,9566.0,9566.0,9566.0,9566.0,546161.204,2637183.578,166658.852,1416877.656,-0.273,0.376,4.08,4.349,-0.616,0.053,19.722,22.308,4.828580936700879,I,1.310940691008453,1.5642595192125617
MAX_IF43b-1_004_thumb0004-0155,53.273,199.508,25.536,145.37,53.0,190.0,14.0,133.0,6442.0,6442.0,6442.0,6442.0,343184.666,1285230.536,164502.912,936473.54,0.242,0.584,3.479,5.428,-0.294,-0.557,14.348,41.13,3.7450115443095,I,1.0167558721892587,1.1320331255792333
MAX_IF43b-1_004_thumb0005-0253,44.496,221.025,12.1,147.976,44.0,224.0,12.0,137.0,36616.0,36616.0,36616.0,36616.0,1629265.536,8093051.4,443053.6,5418289.216,0.718,0.357,3.278,4.219,0.629,-0.612,12.911,22.693,4.967300431499461,I,1.3486024870416053,1.2541232511034648
MAX_IF43b-1_004_thumb0006-0247,50.572,208.09,16.147,144.484,50.0,219.0,12.0,131.0,16298.0,16298.0,16298.0,16298.0,824222.456,3391450.82,263163.806,2354800.232,0.468,0.066,4.995,4.518,0.095,-0.972,34.941,26.648,4.114727517203195,I,1.1171323014830539,1.1807284575143986
MAX_IF43b-1_010_thumb0006-0667,50.979,158.42,5.011,139.899,49.0,164.0,8.0,126.0,24452.0,24452.0,24452.0,24452.0,1246538.508,3873685.84,122528.972,3420810.348,0.44,0.156,0.261,4.133,0.034,-0.455,-0.077,20.535,3.1075540909001744,I,0.8436886863191425,0.8988947197819742
MAX_IF43b-1_004_thumb0010-0497,41.3,209.979,10.779,143.499,41.0,228.0,11.0,133.0,33536.0,33536.0,33536.0,33536.0,1385036.8,7041855.744,361484.544,4812382.464,0.402,-0.04,4.431,4.459,-0.336,-0.693,26.824,25.433,5.0842372881355935,I,1.3803503826764807,1.1914468776991491
MAX_IF43b-1_004_thumb0012-0604,43.488,354.005,14.218,159.62,41.0,364.0,15.0,149.0,26420.0,26420.0,26420.0,26420.0,1148952.96,9352812.1,375639.56,4217160.4,0.869,0.081,4.624,3.963,0.36,-0.522,30.399,22.228,8.14029157468727,I,2.2100570751169935,2.008668257015641
MAX_IF43b-1_004_thumb0013-0782,35.276,241.107,7.037,137.623,34.0,251.0,7.0,131.0,35997.0,35997.0,35997.0,35997.0,1269830.172,8679128.679,253310.889,4954015.131,1.025,0.113,4.153,3.421,1.094,-0.589,23.337,14.366,6.834873568431794,I,1.8556412321168156,1.3680710087266283
MAX_IF43b-1_004_thumb0014-0792,36.493,251.306,7.777,139.208,35.0,260.0,8.0,131.0,33958.0,33958.0,33958.0,33958.0,1239229.294,8533849.148,264091.366,4727225.264,1.092,0.247,3.588,3.922,1.34,-0.493,17.242,18.942,6.886416573041405,I,1.8696349546960507,1.4259413991259238
MAX_IF43b-1_004_thumb0015-0952,35.35,261.94,7.917,138.125,35.0,265.0,10.0,130.0,17055.0,17055.0,17055.0,17055.0,602894.25,4467386.7,135024.435,2355721.875,0.873,0.203,5.218,3.114,0.849,-0.548,34.969,11.963,7.409900990099009,I,2.0117589104557188,1.4862800334534172
MAX_IF43b-1_004_thumb0016-1026,100.037,94.713,10.772,174.538,108.0,105.0,14.0,160.0,11603.0,11603.0,11603.0,11603.0,1160729.311,1098954.939,124987.516,2025164.414,-0.32,0.299,0.329,1.295,-0.856,-0.443,-0.125,1.296,0.9467796915141397,I,0.25704695422882257,0.5374133038423818
MAX_IF43b-1_004_thumb0018-1055,38.322,212.172,7.244,143.242,38.0,233.0,9.0,133.0,20710.0,20710.0,20710.0,20710.0,793648.62,4394082.12,150023.24,2966541.82,0.794,-0.284,3.203,3.319,0.5,-0.583,15.289,14.216,5.536558634726788,I,1.5031538453151907,1.2038902315716515
MAX_IF43b-1_012_thumb0007-0300,42.523,173.193,16.142,144.764,43.0,183.0,9.0,136.0,11044.0,11044.0,11044.0,11044.0,469624.012,1912743.492,178272.248,1598773.616,0.384,0.144,1.902,3.622,-0.188,-0.841,3.462,16.258,4.072925240458105,I,1.1057831481230238,0.9827185532331744
MAX_IF43b-1_004_thumb0019-1187,31.076,102.604,-0.218,130.978,31.0,111.0,3.0,124.0,15883.0,15883.0,15883.0,15883.0,493580.108,1629659.332,-3462.494,2080323.574,0.664,0.205,6.489,5.051,0.215,-0.398,57.992,34.627,3.3017119320375854,I,0.8964017748563503,0.5821878161122944
MAX_IF43b-1_004_thumb0020-1214,31.329,176.379,1.414,134.714,31.0,190.0,4.0,127.0,17651.0,17651.0,17651.0,17651.0,552988.179,3113265.729,24958.514,2377836.814,0.703,0.096,4.03,3.479,0.247,-0.453,35.453,14.566,5.629895623862875,I,1.5284944699497882,1.0007963122107362
MAX_IF43b-1_004_thumb0021-1217,30.269,97.462,-1.98,126.511,30.0,110.0,1.0,123.0,6251.0,6251.0,6251.0,6251.0,189211.519,609234.962,-12376.98,790820.261,0.884,0.101,0.833,4.125,0.791,0.517,2.127,19.893,3.2198619049192247,I,0.8741798151302455,0.5530114706438
MAX_IF43b-1_003_thumb0001-0262,35.358,324.637,10.69,147.329,33.0,346.0,13.0,130.0,40210.0,40210.0,40210.0,40210.0,1421745.18,13053653.77,429844.9,5924099.09,0.955,-0.199,4.135,5.29,0.712,-0.741,30.323,33.872,9.181429945132644,I,2.492722038732498,1.8420305841804114
MAX_IF43b-1_003_thumb0002-0232,148.536,193.145,24.449,207.014,166.0,199.0,26.0,166.0,12603.0,12603.0,12603.0,12603.0,1871999.208,2434206.435,308130.747,2608997.442,-0.552,0.425,1.854,1.437,-0.86,0.216,11.778,1.097,1.3003245004578015,I,0.35303297625369623,1.095928674739865
MAX_IF43b-1_003_thumb0003-0604,36.443,310.786,20.908,142.454,35.0,301.0,18.0,131.0,34539.0,34539.0,34539.0,34539.0,1258704.777,10734237.654,722141.412,4920218.706,0.619,0.334,2.866,4.384,0.319,-0.747,10.639,23.306,8.528002634250749,I,2.315319099508582,1.763438293032197
MAX_IF43b-1_003_thumb0005-0785,57.877,220.238,12.001,148.78,58.0,226.0,15.0,131.0,25530.0,25530.0,25530.0,25530.0,1477599.81,5622676.14,306385.53,3798353.4,0.475,0.209,2.422,4.996,1.215,-0.432,18.639,31.379,3.8052767075003886,I,1.0331176264422959,1.2496577155368165
MAX_IF43b-1_003_thumb0006-0886,44.938,387.561,21.91,140.936,43.0,395.0,17.0,132.0,29988.0,29988.0,29988.0,29988.0,1347600.744,11622179.268,657037.08,4226388.768,0.342,0.067,3.232,3.695,0.449,-0.726,13.56,16.554,8.624349103208864,I,2.341476786052089,2.199069161049247
MAX_IF43b-1_003_thumb0010-1283,36.536,150.541,11.779,142.039,37.0,156.0,12.0,138.0,4494.0,4494.0,4494.0,4494.0,164192.784,676531.254,52934.826,638323.266,-0.065,0.335,3.258,1.304,-0.816,-0.428,15.777,1.558,4.120347054959492,I,1.118657983832788,0.8541882969997361
MAX_IF43b-1_003_thumb0012-1370,33.377,79.92,19.315,140.054,33.0,82.0,19.0,135.0,8067.0,8067.0,8067.0,8067.0,269252.259,644714.64,155814.105,1129815.618,0.154,1.346,1.815,1.532,-0.67,3.697,4.571,2.442,2.3944632531383885,I,0.6500873347290941,0.45347598791172444
MAX_IF43b-1_012_thumb0003-0222,47.963,149.726,-3.492,139.186,44.0,161.0,-2.0,129.0,41892.0,41892.0,41892.0,41892.0,2009265.996,6272321.592,-146286.864,5830779.912,0.986,0.037,3.407,5.462,0.532,-0.161,19.036,40.187,3.1216979755227987,I,0.8475286952418045,0.8495638859618475
MAX_IF43b-1_012_thumb0004-0226,65.865,175.169,-4.844,141.402,63.0,186.0,-3.0,128.0,22408.0,22408.0,22408.0,22408.0,1475902.92,3925186.952,-108544.352,3168536.016,0.591,0.02,4.382,4.343,0.17,-0.633,38.121,24.01,2.659515676003948,I,0.7220480227531512,0.9939306222035643
MAX_IF43b-1_012_thumb0005-0237,72.475,217.989,14.88,155.981,75.0,231.0,10.0,143.0,13924.0,13924.0,13924.0,13924.0,1009141.9,3035278.836,207189.12,2171879.444,-0.089,-0.034,4.001,3.274,-0.219,-0.977,22.755,14.148,3.007781993790963,I,0.8166009552357576,1.236896610721833
MAX_IF43b-1_012_thumb0006-0269,56.837,222.897,6.619,157.067,53.0,233.0,6.0,145.0,32640.0,32640.0,32640.0,32640.0,1855159.68,7275358.08,216044.16,5126666.88,0.938,0.087,5.608,4.309,0.682,-0.64,44.458,24.869,3.921688336822844,I,1.0647229249318495,1.264745211180676
MAX_IF43b-1_010_thumb0007-0858,61.725,246.455,9.84,143.511,61.0,254.0,13.0,132.0,19687.0,19687.0,19687.0,19687.0,1215180.075,4851959.585,193720.08,2825301.057,0.12,0.048,2.898,4.326,-0.234,-0.517,21.015,26.319,3.9927906034831917,I,1.0840269100591382,1.3984162237335342
MAX_IF43b-1_001_thumb0009-1066,38.569,183.352,12.363,142.078,39.0,194.0,12.0,131.0,25392.0,25392.0,25392.0,25392.0,979344.048,4655673.984,313921.296,3607644.576,-0.163,-0.103,1.89,4.313,0.067,-0.962,4.92,24.877,4.753869688091473,I,1.290656881507884,1.0403619786735547
MAX_IF43b-1_010_thumb0005-0649,51.275,282.096,11.944,144.772,49.0,300.0,14.0,137.0,24974.0,24974.0,24974.0,24974.0,1280541.85,7045065.504,298289.456,3615535.928,0.651,-0.111,4.688,3.242,0.75,-0.753,36.775,14.987,5.501628473915163,I,1.4936704443425823,1.6006476762505732
MAX_IF43b-1_005_thumb0003-0458,58.723,282.378,11.534,147.007,58.0,288.0,10.0,131.0,28559.0,28559.0,28559.0,28559.0,1677070.157,8064433.302,329399.506,4198372.913,0.067,-0.004,4.363,6.031,0.215,-0.929,23.944,53.203,4.808643972549087,I,1.3055278838287894,1.6022477792109224
MAX_IF43b-1_011_thumb0001-0095,75.034,187.77,23.472,153.429,77.0,196.0,24.0,137.0,18195.0,18195.0,18195.0,18195.0,1365243.63,3416475.15,427073.04,2791640.655,-0.141,0.158,2.738,3.966,-0.361,-0.644,10.322,19.612,2.5024655489511423,I,0.6794095323186842,1.065430258385692
MAX_IF43b-1_005_thumb0012-1238,16.707,215.752,3.081,133.975,16.0,232.0,5.0,125.0,4099.0,4099.0,4099.0,4099.0,68481.993,884367.448,12629.019,549163.525,-0.015,-0.87,-0.027,4.474,0.04,0.393,-0.032,24.547,12.913868438379122,I,3.506064377118613,1.2242035953945243
MAX_IF43b-1_005_thumb0009-1023,37.551,192.141,4.544,130.14,36.0,198.0,6.0,124.0,28831.0,28831.0,28831.0,28831.0,1082632.881,5539617.171,131008.064,3752066.34,0.48,0.032,5.316,4.778,-0.252,-0.672,49.183,31.501,5.116801150435407,I,1.3891913429306104,1.090231854271104
MAX_IF43b-1_005_thumb0008-0917,49.756,312.967,11.701,158.372,49.0,326.0,12.0,145.0,28135.0,28135.0,28135.0,28135.0,1399885.06,8805326.545,329207.635,4455796.22,0.367,0.006,7.296,4.384,0.327,-0.951,74.428,25.494,6.2900353726183775,I,1.7077198095972939,1.7758135574170253
MAX_IF43b-1_005_thumb0007-0838,47.217,254.672,5.644,133.666,46.0,266.0,7.0,125.0,26937.0,26937.0,26937.0,26937.0,1271884.329,6860099.664,152032.428,3600561.042,0.185,-0.102,7.359,4.149,0.436,-0.728,110.848,21.085,5.393650591947815,I,1.4643548750157855,1.4450405004186022
MAX_IF43b-1_005_thumb0006-0672,51.76,236.282,9.197,134.376,50.0,245.0,9.0,126.0,30424.0,30424.0,30424.0,30424.0,1574746.24,7188643.568,279809.528,4088255.424,0.596,0.054,3.436,5.257,1.094,-0.758,15.632,38.914,4.564953632148377,I,1.2393669169888581,1.3406933605575335
MAX_IF43b-1_008_thumb0024-1327,36.608,177.501,6.536,137.617,35.0,185.0,8.0,131.0,20572.0,20572.0,20572.0,20572.0,753099.776,3651550.572,134458.592,2831056.924,0.653,-0.083,3.849,2.637,0.065,-0.114,24.902,8.38,4.848694274475525,I,1.3164013829314916,1.0071626793082957
MAX_IF43b-1_011_thumb0003-0221,66.997,234.511,29.079,163.496,67.0,254.0,26.0,144.0,26530.0,26530.0,26530.0,26530.0,1777430.41,6221576.83,771465.87,4337548.88,0.387,-0.087,3.136,3.703,0.251,-0.314,12.63,18.461,3.500320909891488,I,0.9503233294665897,1.3306444870015817
MAX_IF43b-1_008_thumb0020-1250,29.005,156.966,2.448,134.278,27.0,171.0,4.0,129.0,24179.0,24179.0,24179.0,24179.0,701311.895,3795280.914,59190.192,3246707.762,1.12,-0.204,3.272,3.477,1.368,-0.782,15.403,17.184,5.411687640062059,I,1.469251862480346,0.8906445435254222
MAX_IF43b-1_008_thumb0019-1195,41.465,192.667,15.291,146.427,42.0,195.0,10.0,140.0,17009.0,17009.0,17009.0,17009.0,705278.185,3277073.003,260084.619,2490576.843,0.351,0.258,3.477,3.36,-0.337,-0.492,15.496,15.616,4.646497045701193,I,1.2615056323405271,1.0932164434808336
MAX_IF43b-1_008_thumb0017-1151,45.869,166.565,2.847,137.775,45.0,176.0,5.0,128.0,22127.0,22127.0,22127.0,22127.0,1014943.363,3685583.755,62995.569,3048547.425,0.322,0.025,6.313,3.58,-0.06,-0.768,54.838,15.567,3.631319627635222,I,0.9858889649631187,0.9451104595409957
MAX_IF43b-1_008_thumb0016-0980,55.344,214.266,2.925,143.789,54.0,206.0,6.0,131.0,8586.0,8586.0,8586.0,8586.0,475183.584,1839687.876,25114.05,1234572.354,0.708,0.298,2.928,3.641,0.922,-0.743,17.779,15.89,3.8715307892454462,I,1.0511053484756643,1.21577184717084
MAX_IF43b-1_008_thumb0015-0897,52.962,242.953,2.983,143.075,52.0,252.0,6.0,129.0,15149.0,15149.0,15149.0,15149.0,802321.338,3680494.997,45189.467,2167443.175,0.206,-0.006,3.438,4.39,0.234,-0.958,23.149,24.266,4.587307881122314,I,1.2454360074692779,1.3785454415805454
MAX_IF43b-1_008_thumb0012-0751,59.494,189.516,9.567,138.615,58.0,196.0,9.0,130.0,26523.0,26523.0,26523.0,26523.0,1577959.362,5026532.868,253745.541,3676485.645,0.724,0.111,3.546,3.66,1.199,-0.594,18.398,16.446,3.18546408041147,I,0.8648409413657739,1.0753372788423219
MAX_IF43b-1_011_thumb0002-0226,73.037,205.892,23.792,150.847,74.0,219.0,23.0,139.0,84730.0,84730.0,84730.0,84730.0,6188425.01,17445229.16,2015896.16,12781266.31,-0.106,0.163,3.599,4.252,0.012,-0.436,17.322,25.05,2.819009543108287,I,0.7653499789788722,1.1682567330220317
MAX_IF43b-1_011_thumb0004-0193,74.032,189.759,10.228,147.487,74.0,206.0,13.0,136.0,22632.0,22632.0,22632.0,22632.0,1675492.224,4294625.688,231480.096,3337925.784,0.168,-0.053,2.432,3.575,0.484,-0.566,9.511,15.788,2.5632023989626105,I,0.6958993476842132,1.0767160909677291
MAX_IF43b-1_008_thumb0010-0665,63.935,256.012,7.123,141.862,63.0,261.0,9.0,131.0,26035.0,26035.0,26035.0,26035.0,1664547.725,6665272.42,185447.305,3693377.17,0.459,0.103,5.485,4.899,0.936,-0.868,42.546,32.82,4.004254320794557,I,1.0871392641214799,1.4526438265422472
MAX_IF43b-1_011_thumb0018-0885,97.261,96.876,13.005,154.624,102.0,107.0,17.0,139.0,14931.0,14931.0,14931.0,14931.0,1452203.991,1446455.556,194177.655,2308690.944,-0.114,0.062,0.816,1.886,-0.694,-0.299,3.253,3.096,0.9960415788445524,I,0.27042136245846604,0.5496864339956984
MAX_IF43b-1_011_thumb0024-1205,28.858,88.921,-2.271,137.247,29.0,95.0,2.0,126.0,4759.0,4759.0,4759.0,4759.0,137335.222,423175.039,-10807.689,653158.473,0.624,0.518,4.121,3.944,0.232,-0.145,25.149,19.968,3.0813292674475017,I,0.8365687501247808,0.5045487777915222
MAX_IF43b-1_011_thumb0023-1168,41.866,188.946,0.063,140.969,41.0,196.0,4.0,133.0,21659.0,21659.0,21659.0,21659.0,906775.694,4092381.414,1364.517,3053247.571,0.729,0.13,1.722,3.877,0.756,-0.35,15.206,21.632,4.513113266134811,I,1.2252924619605885,1.0721030281777864
MAX_IF43b-1_011_thumb0022-1113,34.906,136.224,-0.42,134.532,34.0,149.0,3.0,126.0,7810.0,7810.0,7810.0,7810.0,272615.86,1063909.44,-3280.2,1050694.92,0.761,-0.278,6.162,4.153,0.212,-0.364,70.883,24.931,3.9025955423136423,I,1.0595393064826004,0.7729518640801645
MAX_IF43b-1_011_thumb0021-1023,37.301,123.888,7.189,143.597,32.0,134.0,9.0,134.0,11574.0,11574.0,11574.0,11574.0,431721.774,1433879.712,83205.486,1661991.678,1.63,0.271,4.063,3.102,1.929,-0.642,21.717,12.891,3.3213050588456072,I,0.9017212315525187,0.7029558707508473
MAX_IF43b-1_011_thumb0020-1023,44.272,141.603,3.417,140.932,44.0,150.0,6.0,129.0,23147.0,23147.0,23147.0,23147.0,1024763.984,3277684.641,79093.299,3262153.004,0.321,0.186,5.367,4.086,-0.773,-0.169,44.397,20.655,3.198477593061077,I,0.8683740587534633,0.8034729769302292
MAX_IF43b-1_011_thumb0019-0912,74.876,228.668,8.948,143.18,78.0,241.0,12.0,133.0,14208.0,14208.0,14208.0,14208.0,1063838.208,3248914.944,127133.184,2034301.44,-0.776,-0.008,3.307,4.415,0.519,-0.922,15.181,31.425,3.0539558737112023,I,0.8291369816258501,1.2974905806281056
MAX_IF43b-1_011_thumb0017-0790,63.195,232.042,6.933,143.195,60.0,244.0,11.0,132.0,43855.0,43855.0,43855.0,43855.0,2771416.725,10176201.91,304046.715,6279816.725,0.466,0.074,4.162,5.12,-0.497,-0.179,39.015,42.465,3.671841126671414,I,0.9968903922237538,1.316635074912567
MAX_IF43b-1_011_thumb0005-0181,68.372,223.289,12.488,167.057,69.0,233.0,15.0,147.0,15433.0,15433.0,15433.0,15433.0,1055185.076,3446019.137,192727.304,2578190.681,-0.096,-0.052,2.52,3.135,-0.039,-0.513,8.015,11.765,3.2657959398584215,I,0.8866507245534062,1.266969467778041
MAX_IF43b-1_011_thumb0014-0614,68.722,156.769,17.515,145.649,64.0,160.0,19.0,135.0,24369.0,24369.0,24369.0,24369.0,1674686.418,3820303.761,426823.035,3549320.481,0.723,0.218,2.543,2.834,0.022,-1.17,10.386,10.597,2.2812054363959144,I,0.6193382839233035,0.8895267411027669
MAX_IF43b-1_011_thumb0013-0573,88.821,43.633,22.566,142.779,83.0,52.0,26.0,139.0,10122.0,10122.0,10122.0,10122.0,899046.162,441653.226,228413.052,1445209.038,0.767,0.783,1.105,3.235,-0.122,0.859,2.873,17.044,0.49124643946814384,I,0.13337147191982646,0.24757905130821165
MAX_IF43b-1_011_thumb0010-0485,60.78,173.648,29.506,147.89,59.0,181.0,26.0,133.0,14825.0,14825.0,14825.0,14825.0,901063.5,2574331.6,437426.45,2192469.25,0.465,0.12,1.801,3.546,-0.239,-0.479,3.804,14.992,2.8569924317209607,I,0.7756621835162195,0.9853002796408299
MAX_IF43b-1_011_thumb0009-0425,68.867,192.001,13.25,151.266,68.0,196.0,17.0,135.0,13424.0,13424.0,13424.0,13424.0,924470.608,2577421.424,177868.0,2030594.784,0.24,0.222,2.311,3.644,-0.477,-0.564,9.057,17.114,2.7879971539343953,I,0.7569302375628316,1.0894374769149024
MAX_IF43b-1_011_thumb0007-0335,73.795,176.933,39.758,149.746,73.0,182.0,34.0,143.0,11727.0,11727.0,11727.0,11727.0,865393.965,2074893.291,466242.066,1756071.342,0.276,0.367,1.781,2.888,-0.301,-0.275,3.24,12.167,2.397628565620977,I,0.6509467045910845,1.003939776891706
MAX_IF43b-1_011_thumb0006-0320,70.486,222.618,11.341,147.737,69.0,229.0,15.0,133.0,19734.0,19734.0,19734.0,19734.0,1390970.724,4393143.612,223803.294,2915441.958,0.361,0.201,2.193,3.409,0.08,-0.721,7.624,13.18,3.158329313622563,I,0.8574739591424404,1.2631621305922456
MAX_IF43b-1_008_thumb0011-0704,63.309,252.68,7.833,157.431,64.0,251.0,10.0,138.0,22323.0,22323.0,22323.0,22323.0,1413246.807,5640575.64,174856.059,3514332.213,-0.146,0.103,3.942,3.739,-0.307,-0.821,22.646,17.529,3.991217678371164,I,1.0835998670913807,1.4337376454646464
MAX_IF43b-1_008_thumb0009-0455,141.218,83.215,14.531,190.912,155.0,90.0,18.0,172.0,12462.0,12462.0,12462.0,12462.0,1759858.716,1037025.33,181085.322,2379145.344,-0.483,0.262,0.57,1.527,-0.739,-0.332,1.161,2.655,0.5892662408474841,I,0.15998346161975263,0.4721722264023292
MAX_IF43b-1_010_thumb0002-0280,78.047,270.341,16.898,157.223,79.0,287.0,19.0,139.0,22774.0,22774.0,22774.0,22774.0,1777442.378,6156745.934,384835.052,3580596.602,-0.23,-0.01,2.689,3.746,0.281,-0.868,13.942,17.28,3.4638230809640347,I,0.9404143127799698,1.5339483489494932
MAX_IF43b-1_014_thumb0012-0686,66.253,212.629,2.154,145.493,65.0,228.0,4.0,131.0,20691.0,20691.0,20691.0,20691.0,1370840.823,4399506.639,44568.414,3010395.663,0.303,-0.126,4.495,3.954,-0.086,-0.324,28.569,20.129,3.20934901061084,I,0.8713256057652579,1.2064833062272529
MAX_IF43b-1_014_thumb0018-0874,60.894,128.792,20.741,145.123,62.0,138.0,20.0,134.0,11243.0,11243.0,11243.0,11243.0,684631.242,1448008.456,233191.063,1631617.889,-0.39,0.396,2.786,5.622,0.465,-0.389,13.567,41.748,2.1150195421552205,I,0.5742194687087022,0.730781774713799
MAX_IF43b-1_014_thumb0017-0859,64.476,157.775,22.554,150.645,64.0,160.0,18.0,137.0,14942.0,14942.0,14942.0,14942.0,963400.392,2357474.05,337001.868,2250937.59,0.224,0.36,2.497,4.036,-0.286,-0.535,8.198,21.627,2.447034555493517,I,0.664360236092892,0.8952349098194735
MAX_IF43b-1_014_thumb0016-0814,67.638,172.482,8.746,153.677,67.0,177.0,7.0,135.0,17559.0,17559.0,17559.0,17559.0,1187655.642,3028611.438,153571.014,2698414.443,0.229,0.247,3.385,3.345,0.215,-0.39,15.609,14.193,2.5500754014015787,I,0.692335419590407,0.9786842510884641
MAX_IF43b-1_014_thumb0015-0790,63.423,159.986,13.47,148.42,60.0,184.0,15.0,136.0,29932.0,29932.0,29932.0,29932.0,1898377.236,4788700.952,403184.04,4442507.44,1.403,-0.363,2.461,4.415,3.286,-0.727,10.757,27.08,2.5225233748009397,I,0.6848551529729433,0.9077803979234877
MAX_IF43b-1_014_thumb0014-0734,36.863,144.157,5.047,138.389,35.0,158.0,7.0,128.0,22456.0,22456.0,22456.0,22456.0,827795.528,3237189.592,113335.432,3107663.384,0.746,0.027,2.897,4.329,-0.218,-0.454,11.832,24.885,3.910614979790034,I,1.061716552146413,0.8179646895569378
MAX_IF43b-1_014_thumb0013-0690,51.515,167.001,15.438,150.401,49.0,184.0,14.0,134.0,18830.0,18830.0,18830.0,18830.0,970027.45,3144628.83,290697.54,2832050.83,0.632,0.044,2.646,3.77,-0.148,-0.879,8.465,17.809,3.2417936523342714,I,0.8801341981028438,0.9475843775931668
MAX_IF43b-1_014_thumb0011-0661,64.261,207.23,5.756,152.711,64.0,225.0,7.0,134.0,22068.0,22068.0,22068.0,22068.0,1418111.748,4573151.64,127023.408,3370026.348,0.326,-0.111,5.307,4.375,0.134,-0.579,39.639,26.063,3.224817540965749,I,0.875525250782745,1.175848710897731
MAX_IF43b-1_014_thumb0022-0901,35.098,118.007,9.159,142.419,35.0,132.0,8.0,132.0,5368.0,5368.0,5368.0,5368.0,188406.064,633461.576,49165.512,764505.192,0.594,0.116,4.123,3.104,-0.012,-1.175,22.1,11.883,3.362214371189242,I,0.9128279485974414,0.6695863476664022
MAX_IF43b-1_014_thumb0010-0584,60.29,167.489,13.653,143.486,59.0,179.0,12.0,130.0,18822.0,18822.0,18822.0,18822.0,1134778.38,3152477.958,256976.766,2700693.492,0.51,0.125,2.806,4.699,-0.057,-0.5,9.745,29.525,2.7780560623652346,I,0.7542312703876105,0.9503533500919271
MAX_IF43b-1_014_thumb0009-0578,68.077,166.963,14.92,141.295,67.0,177.0,12.0,132.0,21771.0,21771.0,21771.0,21771.0,1482104.367,3634951.473,324823.32,3076133.445,0.266,0.048,2.312,4.853,-0.38,-1.011,7.07,33.359,2.4525610705524628,I,0.6658606631469725,0.9473687608821978
MAX_IF43b-1_014_thumb0008-0472,79.018,201.677,17.55,149.759,71.0,219.0,14.0,138.0,17198.0,17198.0,17198.0,17198.0,1358951.564,3468441.046,301824.9,2575555.282,0.606,0.023,3.745,4.598,-0.57,-0.793,16.74,31.714,2.5522918828621326,I,0.6929371855700183,1.144340300476387
MAX_IF43b-1_014_thumb0006-0452,97.974,210.782,21.243,171.17,95.0,212.0,18.0,146.0,14520.0,14520.0,14520.0,14520.0,1422582.48,3060554.64,308448.36,2485388.4,0.053,0.407,2.358,5.386,-0.523,-0.344,7.052,45.789,2.1514075162798294,I,0.5840986602493757,1.1960031992493632
MAX_IF43b-1_014_thumb0004-0361,52.286,225.015,2.327,136.224,52.0,237.0,5.0,127.0,23695.0,23695.0,23695.0,23695.0,1238916.77,5331730.425,55138.265,3227827.68,0.303,0.095,3.017,3.988,-0.168,-0.556,26.378,20.182,4.3035420571472285,I,1.1683947048084902,1.2767630057552135
MAX_IF43b-1_014_thumb0003-0353,75.359,283.791,19.411,158.634,78.0,307.0,15.0,149.0,18342.0,18342.0,18342.0,18342.0,1382234.778,5205294.522,356036.562,2909664.828,-0.268,-0.038,3.232,2.597,-0.3,-0.462,12.586,8.485,3.765854111652225,I,1.0224145470655526,1.610265316384587
MAX_IF43b-1_014_thumb0019-0883,59.635,115.075,14.503,137.898,62.0,126.0,14.0,133.0,10493.0,10493.0,10493.0,10493.0,625750.055,1207481.975,152179.979,1446963.714,0.002,0.488,2.702,1.944,-0.821,0.589,10.496,4.661,1.9296554037058775,I,0.5238938357882776,0.6529498161779491
MAX_IF43b-1_014_thumb0025-0952,31.432,107.655,8.726,138.518,31.0,119.0,9.0,131.0,7488.0,7488.0,7488.0,7488.0,235362.816,806120.64,65340.288,1037222.784,0.442,0.357,2.598,2.985,-0.331,-0.35,9.795,11.044,3.425012725884449,I,0.9298774543585642,0.610847816299258
MAX_IF43b-1_008_thumb0008-0437,78.791,191.078,9.395,150.973,79.0,196.0,10.0,136.0,24152.0,24152.0,24152.0,24152.0,1902960.232,4614915.856,226908.04,3646299.896,-0.153,0.118,6.265,3.751,-0.056,-0.788,65.988,17.826,2.425124696983158,I,0.6584117958716348,1.084200260487944
MAX_IF43b-1_014_thumb0040-1339,25.534,73.599,-3.389,137.832,25.0,85.0,-1.0,129.0,5175.0,5175.0,5175.0,5175.0,132138.45,380874.825,-17538.075,713280.6,0.771,0.06,1.544,2.526,1.544,-0.631,4.862,7.687,2.882392104644788,I,0.7825580945945789,0.4176098502792168
MAX_IF43b-1_008_thumb0007-0371,70.3,235.132,11.82,150.174,71.0,227.0,11.0,133.0,20312.0,20312.0,20312.0,20312.0,1427933.6,4776001.184,240087.84,3050334.288,-0.244,0.523,4.122,3.586,0.348,-0.127,19.881,15.38,3.344694167852063,I,0.9080712824525549,1.3341681179887337
MAX_IF43b-1_008_thumb0006-0344,68.123,130.241,23.327,144.027,69.0,130.0,22.0,140.0,9922.0,9922.0,9922.0,9922.0,675916.406,1292251.202,231450.494,1429035.894,0.057,0.522,1.775,2.097,-0.797,-0.129,3.883,6.787,1.91185062313756,I,0.5190599080468838,0.7390035803504869
MAX_IF43b-1_008_thumb0004-0235,69.627,193.385,7.006,149.346,69.0,197.0,8.0,132.0,14789.0,14789.0,14789.0,14789.0,1029713.703,2859970.765,103611.734,2208677.994,0.072,0.143,5.308,4.45,0.592,-0.764,38.664,26.169,2.7774426587387078,I,0.7540647337209236,1.0972904644933537
MAX_IF43b-1_008_thumb0003-0221,60.451,293.181,8.648,147.212,60.0,288.0,11.0,138.0,30936.0,30936.0,30936.0,30936.0,1870112.136,9069847.416,267534.528,4554150.432,0.422,0.353,2.771,3.267,0.485,-0.513,14.397,13.414,4.849894956245554,I,1.3167273632992056,1.6635453404898308
MAX_IF43b-1_008_thumb0002-0152,43.187,210.05,18.808,141.626,42.0,218.0,18.0,132.0,35489.0,35489.0,35489.0,35489.0,1532663.443,7454464.45,667477.112,5026165.114,0.576,0.067,2.263,4.785,0.346,-0.576,6.611,27.389,4.8637321416166905,I,1.320484104584036,1.1918497405012227
MAX_IF43b-1_008_thumb0001-0099,59.06,155.528,10.864,156.888,58.0,156.0,13.0,145.0,26265.0,26265.0,26265.0,26265.0,1551210.9,4084942.92,285342.96,4120663.32,0.375,0.38,2.725,4.895,-0.244,-0.486,14.952,33.587,2.633389773112089,I,0.7149549431011253,0.8824851532524359
MAX_IF43b-1_014_thumb0038-1281,30.249,86.239,-0.356,127.435,30.0,103.0,0.0,124.0,4607.0,4607.0,4607.0,4607.0,139357.143,397303.073,-1640.092,587093.045,0.145,-0.318,4.344,4.843,-0.84,-0.468,24.204,30.008,2.850970280009257,I,0.7740271930646164,0.4893307772962864
MAX_IF43b-1_014_thumb0027-1039,51.785,174.459,12.907,151.759,52.0,190.0,10.0,136.0,22351.0,22351.0,22351.0,22351.0,1157446.535,3899333.109,288484.357,3391965.409,0.454,0.009,2.892,4.486,0.038,-0.713,9.771,25.61,3.3689099159988416,I,0.9146457626207416,0.989901994182827
MAX_IF43b-1_014_thumb0037-1265,33.496,141.693,7.444,144.021,33.0,163.0,7.0,132.0,17366.0,17366.0,17366.0,17366.0,581691.536,2460640.638,129272.504,2501068.686,0.38,-0.634,2.547,3.135,-0.715,0.006,9.373,13.478,4.230146883209936,I,1.1484682043936956,0.8039836480877876
MAX_IF43b-1_014_thumb0036-1237,29.913,128.844,-0.86,136.529,30.0,151.0,2.0,128.0,15784.0,15784.0,15784.0,15784.0,472146.792,2033673.696,-13574.24,2154973.736,0.371,-0.237,2.593,3.589,-0.269,-0.986,14.18,17.423,4.307291144318524,I,1.1694125671973408,0.7310768291603882
MAX_IF43b-1_014_thumb0035-1207,32.57,128.196,1.17,132.541,34.0,140.0,3.0,126.0,11355.0,11355.0,11355.0,11355.0,369832.35,1455665.58,13285.35,1505003.055,0.227,0.222,2.275,4.35,-0.427,-0.613,7.119,23.626,3.9360147374884864,I,1.068612486240749,0.7273999968259688
MAX_IF43b-1_014_thumb0032-1182,27.51,117.988,3.546,145.925,28.0,130.0,6.0,132.0,5809.0,5809.0,5809.0,5809.0,159805.59,685392.292,20598.714,847678.325,0.242,0.165,1.816,5.954,-0.331,-0.592,4.732,53.97,4.288913122500908,I,1.1644230067163654,0.6694785393109177
MAX_IF43b-1_014_thumb0030-1116,29.544,168.622,0.981,133.162,29.0,191.0,3.0,126.0,6316.0,6316.0,6316.0,6316.0,186599.904,1065016.552,6195.996,841051.192,0.644,-0.185,2.998,3.716,0.031,-0.6,12.528,15.902,5.707487137828324,I,1.5495602601410896,0.9567821325531882
MAX_IF43b-1_014_thumb0029-1086,40.741,114.377,6.332,139.128,39.0,123.0,6.0,130.0,23837.0,23837.0,23837.0,23837.0,971143.217,2726404.549,150935.884,3316394.136,0.561,0.253,2.894,3.289,-0.476,-0.202,10.538,12.465,2.807417589160796,I,0.7622028091753058,0.6489892776448862
MAX_IF43b-1_011_thumb0027-1239,66.864,17.026,8.487,143.445,59.0,27.0,13.0,133.0,6095.0,6095.0,6095.0,6095.0,407536.08,103773.47,51728.265,874297.275,0.534,0.442,0.748,2.328,-0.819,-0.365,0.982,5.477,0.25463627662120125,I,0.06913274537709094,0.09660763476207483
MAX_IF43b-1_011_thumb0029-1298,30.55,70.832,3.369,137.616,30.0,81.0,4.0,129.0,11060.0,11060.0,11060.0,11060.0,337883.0,783401.92,37261.14,1522032.96,0.446,0.098,3.499,3.7,-0.132,-0.895,15.171,17.33,2.318559738134206,I,0.6294798296020204,0.4019095492462871
MAX_IF43b-1_011_thumb0032-1371,31.187,87.984,-3.369,134.023,31.0,95.0,1.0,125.0,6275.0,6275.0,6275.0,6275.0,195698.425,552099.6,-21140.475,840994.325,0.367,0.265,1.342,3.956,-0.582,0.009,5.629,18.493,2.8211754897874113,I,0.7659380249645233,0.4992321236289435
MAX_IF43b-1_013_thumb0020-1082,77.268,15.432,2.67,139.764,78.0,27.0,6.0,133.0,16073.0,16073.0,16073.0,16073.0,1241928.564,248038.536,42914.91,2246426.772,-0.018,0.608,0.871,1.824,-0.541,0.528,2.383,3.76,0.19972045348656625,I,0.05422331586329172,0.08756308114932097
MAX_IF43b-1_013_thumb0026-1317,33.998,133.948,0.151,133.606,33.0,150.0,3.0,129.0,14797.0,14797.0,14797.0,14797.0,503068.406,1982028.556,2234.347,1976967.982,1.178,-0.185,3.502,2.749,2.164,-0.198,17.615,9.507,3.9398788164009653,I,1.0696615684340562,0.7600375579179137
MAX_IF43b-1_013_thumb0025-1265,35.548,133.068,5.073,139.789,35.0,146.0,4.0,132.0,19967.0,19967.0,19967.0,19967.0,709786.916,2656968.756,101292.591,2791166.963,0.792,0.259,2.746,3.171,0.549,0.04,8.978,12.345,3.743332958253629,I,1.016300142691742,0.7550443288217887
MAX_IF43b-1_013_thumb0024-1248,32.975,89.598,0.2,136.438,32.0,99.0,1.0,128.0,15432.0,15432.0,15432.0,15432.0,508870.2,1382676.336,3086.4,2105511.216,0.82,0.131,3.382,3.424,0.62,-0.876,16.397,14.01,2.717149355572403,I,0.7376953395754831,0.5083901597211548
MAX_IF43b-1_013_thumb0023-1172,41.931,123.44,-0.305,139.838,40.0,131.0,2.0,131.0,20486.0,20486.0,20486.0,20486.0,858998.466,2528791.84,-6248.23,2864721.268,0.559,0.383,2.735,3.436,-0.289,-0.248,11.996,16.105,2.9438839999046054,I,0.7992529017687966,0.7004138632110019
MAX_IF43b-1_013_thumb0022-1134,41.128,187.038,10.492,145.37,40.0,198.0,10.0,138.0,19886.0,19886.0,19886.0,19886.0,817871.408,3719437.668,208643.912,2890827.82,0.477,-0.044,3.216,2.669,-0.243,-0.691,13.166,8.364,4.547704726706867,I,1.234683907153243,1.0612767996375516
MAX_IF43b-1_013_thumb0021-1131,63.449,203.644,20.59,149.763,66.0,221.0,20.0,137.0,26059.0,26059.0,26059.0,26059.0,1653417.491,5306758.996,536554.81,3902674.017,-0.401,-0.143,2.429,3.739,-0.224,-0.547,8.561,18.53,3.2095698907784205,I,0.8713855738600902,1.1555013023310212
MAX_IF43b-1_013_thumb0019-1004,57.361,179.945,8.73,146.432,58.0,199.0,11.0,139.0,23985.0,23985.0,23985.0,23985.0,1375803.585,4315980.825,209389.05,3512171.52,0.048,-0.202,2.486,3.257,-0.357,-0.597,9.175,14.999,3.1370617667056013,I,0.8516999039869259,1.0210302382979886
MAX_IF43b-1_001_thumb0001-0183,30.309,293.703,8.822,141.682,28.0,305.0,9.0,131.0,41507.0,41507.0,41507.0,41507.0,1258035.663,12190730.421,366174.754,5880794.774,1.227,-0.037,4.644,4.716,1.879,-0.603,35.284,27.43,9.690290012867464,I,2.6308755412973075,1.6665072332036686
MAX_IF43b-1_013_thumb0018-0930,61.187,189.499,8.125,145.716,60.0,207.0,9.0,134.0,21917.0,21917.0,21917.0,21917.0,1341035.479,4153249.583,178075.625,3193657.572,0.582,-0.115,3.491,4.419,0.341,-0.736,15.444,28.774,3.0970467582983314,I,0.8408359869355578,1.075240818734783
MAX_IF43b-1_013_thumb0017-0888,69.58,202.597,18.263,148.724,68.0,219.0,17.0,137.0,35239.0,35239.0,35239.0,35239.0,2451929.62,7139315.683,643569.857,5240885.036,0.276,-0.226,2.251,4.206,-0.321,-0.588,6.911,24.71,2.911713135958609,I,0.7905186390186068,1.1495604945314268
MAX_IF43b-1_013_thumb0016-0815,58.728,197.087,9.816,139.381,58.0,211.0,9.0,134.0,15308.0,15308.0,15308.0,15308.0,899008.224,3017007.796,150263.328,2133644.348,0.284,-0.076,3.069,2.996,-0.114,-0.127,10.651,12.958,3.3559290287426777,I,0.9111215028987694,1.1182960714409163
MAX_IF43b-1_013_thumb0015-0806,74.247,213.715,10.521,142.066,75.0,219.0,12.0,135.0,12825.0,12825.0,12825.0,12825.0,952217.775,2740894.875,134931.825,1821996.45,-0.23,0.124,3.221,2.923,-0.397,-0.687,15.285,11.954,2.8784327986315947,I,0.781483158618794,1.2126454048617892
MAX_IF43b-1_013_thumb0014-0774,72.65,197.292,9.115,157.171,71.0,212.0,11.0,141.0,18777.0,18777.0,18777.0,18777.0,1364149.05,3704551.884,171152.355,2951199.867,0.128,-0.154,3.811,4.268,0.057,-0.443,21.916,25.161,2.715650378527185,I,0.7372883732163756,1.1194592668553547
MAX_IF43b-1_013_thumb0013-0736,67.638,159.095,15.683,159.975,66.0,162.0,11.0,147.0,10569.0,10569.0,10569.0,10569.0,714866.022,1681475.055,165753.627,1690775.775,0.219,0.311,3.296,3.44,-0.586,-0.707,13.149,16.503,2.352154114550992,I,0.6386005703768266,0.9027247534636611
MAX_IF43b-1_013_thumb0027-1316,35.51,102.19,-2.162,135.998,34.0,113.0,0.0,132.0,4934.0,4934.0,4934.0,4934.0,175206.34,504205.46,-10667.308,671014.132,0.575,-0.087,3.874,2.56,-0.514,-0.67,18.315,8.246,2.8777809067868207,I,0.7813061725525658,0.5798387287875265
MAX_IF43b-1_001_thumb0002-0419,36.182,270.211,16.433,144.097,36.0,279.0,15.0,135.0,32140.0,32140.0,32140.0,32140.0,1162889.48,8684581.54,528156.62,4631277.58,0.665,0.044,4.763,4.346,1.471,-0.751,40.4,24.579,7.468105687911116,I,2.027561256480362,1.5332107128330204
MAX_IF43b-1_011_thumb0034-1397,28.274,97.77,-0.272,141.27,27.0,108.0,2.0,131.0,4263.0,4263.0,4263.0,4263.0,120532.062,416793.51,-1159.536,602234.01,0.742,0.184,1.846,2.884,-0.112,-0.802,3.464,10.641,3.4579472306712877,I,0.9388190425869224,0.5547591008274436
MAX_IF43b-1_001_thumb0014-1289,27.794,139.878,11.511,139.384,27.0,149.0,11.0,130.0,21562.0,21562.0,21562.0,21562.0,599294.228,3016049.436,248200.182,3005397.808,0.714,-0.029,1.707,4.274,0.36,-0.861,4.293,23.367,5.032668921349931,I,1.3663497743664201,0.7936851130770294
MAX_IF43b-1_010_thumb0001-0117,134.638,90.79,19.799,163.898,139.0,98.0,23.0,146.0,14774.0,14774.0,14774.0,14774.0,1989141.812,1341331.46,292510.426,2421429.052,-0.155,0.316,0.134,1.567,-0.628,-0.098,-0.552,1.936,0.6743267131121972,I,0.18307704454815577,0.5151537154968151
MAX_IF43b-1_001_thumb0019-1373,17.72,147.496,3.972,127.109,17.0,159.0,5.0,124.0,6443.0,6443.0,6443.0,6443.0,114169.96,950316.728,25591.596,818963.287,0.613,-0.429,1.835,2.779,0.026,-0.298,5.782,8.323,8.32370203160271,I,2.259852291201988,0.8369105895023488
MAX_IF43b-1_001_thumb0018-1357,20.623,138.797,4.219,127.282,20.0,146.0,5.0,123.0,6380.0,6380.0,6380.0,6380.0,131574.74,885524.86,26917.22,812059.16,0.428,-0.236,1.64,3.175,-0.762,-0.411,2.717,11.586,6.730204141007612,I,1.8272238951572184,0.7875513850623576
MAX_IF43b-1_001_thumb0017-1339,19.362,125.997,4.401,125.996,19.0,127.0,5.0,124.0,6502.0,6502.0,6502.0,6502.0,125891.724,819232.494,28615.302,819225.992,0.48,-0.02,1.926,3.431,-0.21,-0.908,4.79,14.886,6.50743724821816,I,1.766743561867674,0.7149225982096289
MAX_IF43b-1_001_thumb0016-1267,29.258,181.867,10.976,146.474,29.0,187.0,11.0,134.0,10464.0,10464.0,10464.0,10464.0,306155.712,1903056.288,114852.864,1532703.936,0.208,0.026,2.468,3.821,-0.219,-0.782,7.937,19.283,6.215975117916467,I,1.6876127423765215,1.0319359045738437
MAX_IF43b-1_001_thumb0015-1289,23.62,165.306,8.932,139.386,23.0,164.0,8.0,129.0,24441.0,24441.0,24441.0,24441.0,577296.42,4040243.946,218307.012,3406733.226,0.669,0.116,2.881,3.833,0.057,-0.759,10.713,17.569,6.9985605419136325,I,1.9000816001956362,0.9379667374591533
MAX_IF43b-1_001_thumb0013-1182,33.972,172.052,15.308,137.457,33.0,181.0,13.0,130.0,12288.0,12288.0,12288.0,12288.0,417447.936,2114174.976,188104.704,1689071.616,0.95,-0.027,1.992,4.602,1.587,-0.571,5.333,27.402,5.064523725420934,I,1.3749982281063946,0.9762443777801303
MAX_IF43b-1_001_thumb0005-0711,34.315,213.066,9.73,134.515,33.0,216.0,9.0,126.0,21031.0,21031.0,21031.0,21031.0,721678.765,4480991.046,204631.63,2828984.965,0.43,0.189,3.522,4.953,-0.341,-0.8,16.065,31.985,6.209121375491768,I,1.6857519783243053,1.2089628984033969
MAX_IF43b-1_001_thumb0012-1166,36.6,149.276,11.088,139.903,30.0,149.0,12.0,130.0,27387.0,27387.0,27387.0,27387.0,1002364.2,4088221.812,303667.056,3831523.461,1.796,0.287,2.18,4.361,2.865,-0.85,11.014,24.521,4.078579234972678,I,1.1073181853468084,0.8470105301740564
MAX_IF43b-1_001_thumb0010-1093,30.99,221.538,4.14,140.144,29.0,220.0,6.0,130.0,29763.0,29763.0,29763.0,29763.0,922355.37,6593635.494,123218.82,4171105.872,0.947,0.234,1.797,5.575,1.032,-0.459,10.615,41.228,7.148693126815102,I,1.940842005203591,1.2570340767015467
MAX_IF43b-1_014_thumb0002-0073,74.043,260.879,10.589,151.289,73.0,280.0,12.0,133.0,17554.0,17554.0,17554.0,17554.0,1299750.822,4579469.966,185879.306,2655727.106,0.33,0.116,1.892,4.315,0.145,-0.937,6.812,24.853,3.5233445430358037,I,0.9565741551106881,1.480259787918203
MAX_IF43b-1_001_thumb0008-1029,33.852,166.513,11.35,135.927,33.0,169.0,10.0,128.0,30245.0,30245.0,30245.0,30245.0,1023853.74,5036185.685,343280.75,4111112.115,0.563,0.143,3.527,4.537,0.8,-0.587,14.813,25.364,4.918852652723621,I,1.3354491060754743,0.9448154050944065
MAX_IF43b-1_001_thumb0007-0840,34.823,168.719,9.79,133.291,34.0,164.0,8.0,126.0,15853.0,15853.0,15853.0,15853.0,552049.019,2674702.307,155200.87,2113062.223,0.808,0.445,3.275,4.447,0.804,-0.427,11.953,24.186,4.8450449415616115,I,1.3154106034303086,0.9573325225785565
MAX_IF43b-1_001_thumb0006-0823,35.615,218.492,6.349,139.66,35.0,223.0,7.0,131.0,34899.0,34899.0,34899.0,34899.0,1242927.885,7625152.308,221573.751,4873994.34,0.578,0.124,3.881,3.336,0.417,-0.444,23.207,13.274,6.134830829706583,I,1.6655823879821856,1.2397506950801864
MAX_IF43b-1_013_thumb0012-0711,89.566,192.454,5.99,147.93,92.0,206.0,9.0,135.0,5442.0,5442.0,5442.0,5442.0,487418.172,1047334.668,32597.58,805035.06,-0.348,-0.01,3.469,3.808,0.596,-0.59,17.098,16.299,2.148739477033696,I,0.5833742981109307,1.0920078550746124
MAX_IF43b-1_013_thumb0011-0701,74.596,185.335,8.767,158.459,71.0,198.0,9.0,141.0,20303.0,20303.0,20303.0,20303.0,1514522.588,3762856.505,177996.401,3217193.077,0.671,0.085,3.781,3.212,0.444,-0.789,17.013,11.787,2.484516596064132,I,0.6745364623610638,1.0516137665117549
MAX_IF43b-1_013_thumb0010-0660,82.687,195.617,5.746,160.129,82.0,202.0,8.0,137.0,12053.0,12053.0,12053.0,12053.0,996626.411,2357771.701,69256.538,1930034.837,0.138,0.173,2.535,4.0,-0.268,-0.856,10.687,20.532,2.365752778550437,I,0.6422925540494467,1.1099551092007982
MAX_IF43b-1_007_thumb0013-1041,30.009,169.698,2.778,131.875,29.0,193.0,4.0,124.0,20301.0,20301.0,20301.0,20301.0,609212.709,3445039.098,56396.178,2677194.375,0.696,-0.109,4.738,4.525,-0.034,-0.372,32.101,28.29,5.654903528941317,I,1.5352840176023967,0.9628874899479957
MAX_IF43b-1_002_thumb0003-0264,46.42,267.129,7.715,148.942,43.0,279.0,11.0,132.0,26394.0,26394.0,26394.0,26394.0,1225209.48,7050602.826,203629.71,3931175.148,1.32,0.137,6.009,4.398,2.697,-0.33,68.834,26.232,5.754610081861267,I,1.562353953696759,1.5157230627486367
MAX_IF43b-1_002_thumb0002-0156,59.445,266.817,11.04,149.462,57.0,289.0,13.0,132.0,15255.0,15255.0,15255.0,15255.0,906833.475,4070293.335,168415.2,2280042.81,0.578,-0.166,8.159,5.522,0.582,-0.926,81.404,41.016,4.488468332071663,I,1.218601459507873,1.5139527360691014
MAX_IF43b-1_002_thumb0001-0103,59.433,297.616,5.971,151.18,56.0,326.0,10.0,132.0,11361.0,11361.0,11361.0,11361.0,675218.313,3381215.376,67836.531,1717555.98,1.066,-0.201,2.713,4.98,1.493,-0.844,19.017,32.423,5.007588376827688,I,1.3595405053911502,1.6887100803095068
MAX_IF43b-1_007_thumb0017-1285,34.281,208.377,4.997,145.887,33.0,223.0,6.0,134.0,18682.0,18682.0,18682.0,18682.0,640437.642,3892899.114,93353.954,2725460.934,0.964,0.22,3.349,3.376,1.184,-0.382,14.541,13.706,6.078498293515358,I,1.6502883264579233,1.1823569310946123
MAX_IF43b-1_007_thumb0016-1218,25.442,157.499,4.3,127.887,26.0,188.0,5.0,124.0,4993.0,4993.0,4993.0,4993.0,127031.906,786392.507,21469.9,638539.791,-0.257,-0.813,3.39,4.947,-0.015,0.153,14.727,27.883,6.190511752220737,I,1.6806995389616546,0.8936688516029615
MAX_IF43b-1_007_thumb0014-1094,37.467,221.904,6.863,148.044,36.0,247.0,9.0,137.0,27128.0,27128.0,27128.0,27128.0,1016404.776,6019811.712,186179.464,4016137.632,0.933,-0.1,1.318,3.975,1.092,-0.758,6.358,19.61,5.922651933701657,I,1.6079766540838623,1.2591108060756169
MAX_IF43b-1_007_thumb0011-0753,61.096,250.943,11.832,151.899,58.0,265.0,14.0,134.0,11951.0,11951.0,11951.0,11951.0,730158.296,2999019.793,141404.232,1815344.949,1.054,0.109,2.083,5.156,1.476,-1.037,7.674,34.59,4.107355637030248,I,1.1151308650745844,1.4238816921237722
MAX_IF43b-1_013_thumb0009-0615,86.608,205.81,11.993,166.473,87.0,206.0,12.0,150.0,8303.0,8303.0,8303.0,8303.0,719106.224,1708840.43,99577.879,1382225.319,0.022,0.367,2.253,2.704,-0.678,-0.876,6.524,9.561,2.376339368187696,I,0.6451667714057314,1.1677914548562565
MAX_IF43b-1_007_thumb0009-0640,56.927,217.305,19.581,147.346,57.0,238.0,18.0,134.0,9864.0,9864.0,9864.0,9864.0,561527.928,2143496.52,193146.984,1453420.944,0.414,0.122,1.541,3.88,0.24,-0.6,2.216,18.23,3.817257189031567,I,1.0363702799533352,1.2330155099243905
MAX_IF43b-1_007_thumb0005-0459,94.116,53.019,31.163,151.026,91.0,68.0,30.0,142.0,7050.0,7050.0,7050.0,7050.0,663517.8,373783.95,219699.15,1064733.3,0.299,0.557,1.313,2.333,-0.791,0.155,1.85,7.372,0.5633367333928344,I,0.15294370255477724,0.30083637891756404
MAX_IF43b-1_007_thumb0004-0445,80.479,119.575,20.692,161.137,83.0,140.0,20.0,145.0,11972.0,11972.0,11972.0,11972.0,963494.588,1431551.9,247724.624,1929132.164,-0.405,0.09,3.005,4.178,-0.164,-0.629,11.081,25.728,1.4857913244448864,I,0.40338648789285175,0.6784833740558615
MAX_IF43b-1_007_thumb0003-0243,117.697,145.672,18.913,178.2,122.0,159.0,21.0,149.0,14250.0,14250.0,14250.0,14250.0,1677182.25,2075826.0,269510.25,2539350.0,0.08,0.397,2.378,1.731,-0.471,-0.168,12.338,2.93,1.237686602037435,I,0.33602703373870607,0.8265609873758348
MAX_IF43b-1_007_thumb0002-0209,55.191,304.195,6.848,146.511,54.0,326.0,9.0,133.0,33702.0,33702.0,33702.0,33702.0,1860047.082,10251979.89,230791.296,4937713.722,0.487,-0.073,0.569,4.611,0.339,-0.362,0.077,27.504,5.511677628598865,I,1.496398750227438,1.7260401419270146
MAX_IF43b-1_007_thumb0001-0148,51.888,295.323,9.828,159.831,51.0,323.0,12.0,142.0,27634.0,27634.0,27634.0,27634.0,1433872.992,8160955.782,271586.952,4416769.854,0.6,-0.079,1.136,4.718,0.3,-0.775,7.838,27.527,5.69154717853839,I,1.5452326240260223,1.6756993140397172
MAX_IF43b-1_002_thumb0004-0280,57.921,311.735,9.609,151.988,56.0,327.0,10.0,135.0,29726.0,29726.0,29726.0,29726.0,1721759.646,9266634.61,285637.134,4517995.288,0.54,-0.016,5.009,4.67,0.215,-0.732,39.665,27.862,5.382072132732516,I,1.4612113689788153,1.7688230366824502
MAX_IF43b-1_002_thumb0005-0508,43.037,234.913,11.229,146.229,42.0,235.0,11.0,133.0,17154.0,17154.0,17154.0,17154.0,738256.698,4029697.602,192622.266,2508412.266,0.642,0.217,6.345,4.595,0.388,-0.869,51.785,29.211,5.45839626368009,I,1.4819330696765354,1.3329254848386753
MAX_IF43b-1_002_thumb0007-0498,74.071,144.901,24.628,148.41,79.0,152.0,22.0,145.0,4038.0,4038.0,4038.0,4038.0,299098.698,585110.238,99447.864,599279.58,-0.071,0.692,2.396,1.752,-0.793,0.629,7.41,4.675,1.9562446841543926,I,0.5311127206203935,0.8221862377927526
MAX_IF43b-1_002_thumb0008-0558,50.148,161.867,6.854,140.039,46.0,172.0,11.0,130.0,18692.0,18692.0,18692.0,18692.0,937366.416,3025617.964,128114.968,2617608.988,0.962,0.19,1.507,4.587,0.466,-0.315,5.046,32.209,3.2277857541676633,I,0.8763311089669585,0.9184534251164551
MAX_IF43b-1_002_thumb0010-0615,43.847,294.189,5.045,143.705,42.0,317.0,8.0,129.0,27674.0,27674.0,27674.0,27674.0,1213421.878,8141386.386,139615.33,3976892.17,0.95,-0.105,7.022,4.644,0.923,-0.562,72.692,26.843,6.70944420370835,I,1.8215876540120133,1.6692648574544833
MAX_IF43b-1_002_thumb0011-0749,49.917,211.895,5.954,143.198,46.0,233.0,6.0,129.0,27198.0,27198.0,27198.0,27198.0,1357642.566,5763120.21,161936.892,3894699.204,0.677,-0.156,3.824,4.208,-0.187,-0.708,18.656,21.845,4.244946611374882,I,1.152486272252893,1.2023184992311668
MAX_IF43b-1_002_thumb0014-0887,40.157,271.961,4.185,141.643,38.0,295.0,7.0,128.0,27959.0,27959.0,27959.0,27959.0,1122749.563,7603757.599,117008.415,3960196.637,0.923,-0.178,7.691,5.474,0.874,-0.675,94.357,40.661,6.7724431605946664,I,1.8386916224772882,1.5431404297855418
MAX_IF43b-1_002_thumb0015-0902,36.836,204.802,0.229,138.88,36.0,217.0,4.0,127.0,23967.0,23967.0,23967.0,23967.0,882848.412,4908489.534,5488.443,3328536.96,0.697,0.101,2.861,4.082,0.264,-0.353,17.657,20.813,5.5598327722879795,I,1.5094726819210322,1.162071937891604
MAX_IF43b-1_002_thumb0016-1061,34.489,255.63,9.111,147.205,33.0,278.0,10.0,135.0,29340.0,29340.0,29340.0,29340.0,1011907.26,7500184.2,267316.74,4318994.7,0.887,-0.183,4.516,3.654,1.235,-0.948,31.105,15.453,7.411928440952188,I,2.0123093553705487,1.450476311184611
MAX_IF43b-1_002_thumb0017-1072,36.678,182.718,1.257,138.181,36.0,201.0,5.0,127.0,9037.0,9037.0,9037.0,9037.0,331459.086,1651222.566,11359.509,1248741.697,0.578,-0.25,4.802,4.611,-0.027,-0.851,46.95,25.315,4.981678390315721,I,1.3525060461851655,1.0367645840747555
MAX_IF43b-1_002_thumb0019-1167,32.849,189.354,1.292,145.065,31.0,195.0,5.0,130.0,16507.0,16507.0,16507.0,16507.0,542238.443,3125666.478,21327.044,2394587.955,1.077,0.106,7.929,3.975,1.19,-0.798,107.129,19.244,5.764376388931171,I,1.5650054675693978,1.0744180707587172
MAX_IF43b-1_002_thumb0020-1239,51.186,51.173,7.069,133.001,52.0,62.0,8.0,129.0,8026.0,8026.0,8026.0,8026.0,410818.836,410714.498,56735.794,1067466.026,0.058,0.087,3.805,1.545,-0.766,-0.46,19.132,2.61,0.9997460243035206,I,0.2714271047983886,0.29036194606364707
MAX_IF43b-1_013_thumb0001-0159,76.623,268.913,2.632,155.02,77.0,279.0,6.0,139.0,23154.0,23154.0,23154.0,23154.0,1774128.942,6226411.602,60941.328,3589333.08,0.021,0.169,1.717,4.519,-0.167,-0.647,11.212,25.528,3.5095597927515234,I,0.9528316497452504,1.5258456999162358
MAX_IF43b-1_013_thumb0002-0386,60.351,213.203,5.543,147.578,59.0,217.0,8.0,136.0,23186.0,23186.0,23186.0,23186.0,1399298.286,4943324.758,128519.998,3421743.508,0.477,0.365,4.467,4.879,-0.012,-0.56,27.18,37.937,3.5327169392387865,I,0.9591187237356759,1.20974025338768
MAX_IF43b-1_013_thumb0003-0364,106.577,16.838,9.779,155.617,96.0,27.0,13.0,140.0,8086.0,8086.0,8086.0,8086.0,861781.622,136152.068,79072.994,1258319.062,0.654,0.566,0.455,2.572,-0.419,-0.029,-0.008,6.862,0.1579890595531869,I,0.04289340690723536,0.09554089945517538
MAX_IF43b-1_013_thumb0005-0429,106.164,15.125,8.356,153.136,100.0,26.0,12.0,139.0,8873.0,8873.0,8873.0,8873.0,941993.172,134204.125,74142.788,1358775.728,0.451,0.537,0.427,2.85,-0.644,0.107,0.134,9.694,0.14246825665950794,I,0.038679570101520046,0.08582112508965005
MAX_IF43b-1_013_thumb0008-0563,122.885,87.441,7.503,155.174,129.0,99.0,11.0,143.0,18308.0,18308.0,18308.0,18308.0,2249778.58,1600869.828,137364.924,2840925.592,-0.354,0.197,4.507,1.87,-0.643,-0.01,44.665,3.787,0.7115677259226105,I,0.19318783272951628,0.4961510743116754
MAX_IF43b-1_006_thumb0017-1344,23.489,233.443,7.969,143.838,22.0,232.0,10.0,135.0,19228.0,19228.0,19228.0,19228.0,451646.492,4488642.004,153227.932,2765717.064,0.945,0.005,3.668,4.055,1.012,-0.755,19.545,24.596,9.93839669632594,I,2.698235527869076,1.3245845225985573
